nu_ano,sg_uf,cs_sexo,cs_gestant,cs_raca,cs_escol_n,classi_fin,evolucao,tpautocto
2024,12,M,6,4,6,10,1,nan
2024,12,M,6,4,nan,10,1,1
2024,12,F,5,4,nan,10,1,1
2024,12,M,6,9,9,10,1,nan
2024,12,F,5,4,nan,10,1,nan
2024,12,F,5,2,5,10,1,1
2024,12,M,6,4,4,10,1,1
2024,12,F,5,4,9,10,1,1
2024,12,M,6,4,3,10,1,nan
2024,12,M,6,4,5,10,1,1
2024,12,F,6,4,6,10,1,1
2024,12,F,5,4,6,10,1,nan
2024,12,M,6,4,8,10,1,1
2024,12,F,9,9,9,10,1,nan
2024,12,F,5,2,6,10,1,1
2024,12,F,5,4,5,10,1,nan
2024,12,M,6,4,9,10,1,1
2024,12,F,9,4,9,10,1,1
2024,27,F,9,9,9,10,1,1
2024,27,F,6,9,10,10,1,1
2024,27,M,6,4,nan,11,1,1
2024,27,F,5,9,9,10,1,1
2024,27,M,6,9,9,10,1,1
2024,27,M,6,9,10,10,1,1
2024,13,M,6,1,nan,10,1,1
2024,13,F,5,1,5,10,1,2
2024,13,M,6,4,nan,10,1,1
2024,13,M,6,1,6,10,1,1
2024,13,F,9,9,9,10,1,nan
2024,13,F,9,4,9,10,1,1
2024,13,F,9,9,9,10,1,1
2024,13,F,5,2,nan,10,1,1
2024,13,F,5,1,6,10,1,1
2024,13,M,6,9,9,8,nan,nan
2024,16,M,6,4,10,10,1,1
2024,16,F,5,4,2,10,1,1
2024,16,M,6,1,9,8,nan,nan
2024,29,F,9,9,9,10,1,nan
2024,29,F,9,4,nan,10,1,nan
2024,29,M,6,4,9,10,1,1
2024,29,F,5,2,9,10,1,1
2024,29,M,6,9,9,10,1,1
2024,29,F,5,4,9,10,1,1
2024,29,M,6,4,nan,10,1,nan
2024,29,M,6,4,6,10,1,nan
2024,29,M,6,4,9,10,1,nan
2024,29,F,5,4,nan,10,1,nan
2024,29,F,5,9,9,10,1,nan
2024,29,F,9,9,9,8,nan,nan
2024,29,F,5,9,9,8,nan,nan
2024,29,M,6,4,9,8,nan,nan
2024,29,M,6,4,10,8,nan,nan
2024,29,F,3,4,nan,8,nan,nan
2024,29,F,5,4,4,8,nan,nan
2024,29,M,6,4,9,10,nan,nan
2024,29,F,9,9,9,10,1,1
2024,29,F,5,1,9,10,1,nan
2024,29,M,6,2,1,8,nan,nan
2024,29,M,6,9,10,8,nan,nan
2024,29,M,6,9,nan,8,nan,nan
2024,29,M,6,1,9,10,1,1
2024,29,F,5,4,9,11,1,nan
2024,29,F,5,9,9,10,9,nan
2024,29,M,6,4,0,8,nan,nan
2024,23,F,6,4,10,8,nan,nan
2024,23,F,5,4,1,10,1,nan
2024,23,M,6,4,9,8,nan,nan
2024,53,M,6,1,9,10,1,3
2024,53,F,9,4,9,10,9,3
2024,53,F,6,4,nan,10,nan,nan
2024,53,M,6,9,nan,10,nan,nan
2024,53,F,6,9,nan,10,nan,nan
2024,53,M,6,4,nan,10,nan,nan
2024,53,F,5,1,9,10,1,3
2024,53,F,5,9,9,10,1,nan
2024,53,F,5,1,6,8,nan,nan
2024,53,M,6,9,nan,8,nan,nan
2024,53,M,6,1,6,10,1,1
2024,53,F,6,4,9,10,9,1
2024,53,M,6,3,nan,8,nan,nan
2024,53,F,9,4,9,8,nan,nan
2024,53,F,9,1,9,8,nan,nan
2024,53,F,9,9,nan,8,nan,nan
2024,53,F,5,1,nan,10,1,1
2024,52,F,9,4,9,10,1,1
2024,52,M,6,9,9,10,1,1
2024,52,M,6,1,9,10,1,1
2024,52,F,6,4,9,10,1,3
2024,52,M,6,4,nan,10,1,nan
2024,52,M,6,1,8,10,1,1
2024,52,F,6,4,10,10,1,1
2024,52,M,6,4,nan,10,1,1
2024,52,M,6,4,6,10,1,1
2024,52,F,5,1,5,8,nan,nan
2024,52,F,5,4,nan,8,nan,1
2024,52,M,6,4,nan,8,nan,nan
2024,52,M,6,1,10,8,nan,nan
2024,52,F,6,4,6,10,1,1
2024,52,F,5,9,9,8,nan,nan
2024,52,F,5,9,9,10,1,1
2024,52,M,6,1,6,10,1,1
2024,52,F,5,4,2,10,1,1
2024,52,M,6,9,9,10,9,nan
2024,52,M,6,4,4,10,1,nan
2024,52,M,6,2,3,10,1,nan
2024,52,F,5,4,9,8,nan,nan
2024,52,M,6,9,10,8,nan,nan
2024,52,M,6,4,9,8,nan,nan
2024,52,F,9,4,nan,8,nan,nan
2024,52,F,2,4,6,8,nan,nan
2024,52,F,5,1,9,8,nan,nan
2024,52,M,6,1,nan,10,1,nan
2024,52,F,5,4,nan,10,1,1
2024,52,F,5,1,8,10,1,1
2024,52,M,6,4,9,11,1,2
2024,52,F,5,4,5,11,9,3
2024,52,M,6,4,4,10,1,1
2024,52,M,6,4,9,10,1,1
2024,52,M,6,1,nan,10,1,1
2024,52,F,5,4,9,10,1,1
2024,52,M,6,9,nan,10,1,1
2024,52,M,6,1,9,11,1,1
2024,52,F,5,4,6,10,1,1
2024,52,M,6,1,3,10,1,1
2024,52,F,5,1,9,10,1,1
2024,52,M,6,4,1,10,1,1
2024,52,F,5,4,9,10,9,1
2024,52,M,6,4,6,10,1,2
2024,52,M,6,1,nan,10,1,3
2024,52,M,6,9,10,10,1,1
2024,52,F,6,1,nan,10,1,3
2024,52,F,5,4,9,10,nan,1
2024,52,F,5,1,9,11,1,nan
2024,52,M,6,4,7,10,1,1
2024,52,F,6,3,nan,10,1,1
2024,52,F,5,1,6,10,1,1
2024,52,F,6,4,5,10,nan,1
2024,52,F,5,1,nan,10,1,3
2024,52,F,9,4,nan,10,9,nan
2024,52,F,5,1,nan,10,nan,1
2024,52,F,5,1,nan,10,1,nan
2024,52,F,9,1,nan,10,1,1
2024,52,F,9,4,6,10,1,1
2024,52,F,9,4,6,10,1,nan
2024,52,F,6,1,10,10,1,1
2024,31,F,5,4,4,10,1,1
2024,31,M,6,4,6,10,1,1
2024,31,M,6,1,8,10,1,1
2024,31,F,5,9,4,10,1,1
2024,31,M,6,2,6,10,1,1
2024,31,F,9,9,9,10,1,1
2024,31,M,6,2,3,10,1,1
2024,31,F,5,1,5,10,1,1
2024,31,F,5,1,8,10,1,1
2024,31,M,6,1,7,10,1,1
2024,31,F,5,4,9,10,1,nan
2024,31,F,5,1,9,10,1,nan
2024,31,F,5,4,6,10,1,1
2024,31,M,6,4,2,10,1,1
2024,31,M,6,1,8,11,1,nan
2024,31,M,6,4,5,10,1,1
2024,31,M,6,9,6,10,1,nan
2024,31,M,6,1,3,10,1,1
2024,31,F,5,4,5,10,1,1
2024,31,M,6,1,5,10,1,1
2024,31,F,4,4,5,10,1,1
2024,31,F,5,4,9,10,1,1
2024,31,M,6,1,9,10,1,1
2024,31,F,5,2,9,10,1,1
2024,31,M,6,4,9,10,1,1
2024,31,F,5,1,6,10,1,nan
2024,31,F,5,1,4,10,1,1
2024,31,F,9,1,9,10,nan,nan
2024,31,M,6,9,9,10,1,nan
2024,31,M,6,4,nan,8,nan,nan
2024,31,F,5,4,9,8,nan,nan
2024,31,F,5,4,1,8,nan,nan
2024,31,F,6,4,10,8,nan,nan
2024,31,M,6,4,9,8,nan,nan
2024,31,F,5,1,5,10,1,nan
2024,31,M,6,4,6,10,1,nan
2024,31,M,6,4,4,10,1,nan
2024,31,M,6,1,5,10,1,nan
2024,31,M,6,1,6,10,1,nan
2024,31,M,6,4,9,10,1,nan
2024,31,F,9,4,9,10,1,1
2024,31,F,9,4,9,nan,nan,nan
2024,31,F,5,4,5,8,nan,1
2024,31,F,6,4,10,8,1,nan
2024,31,F,9,4,9,10,1,nan
2024,31,F,6,4,nan,10,1,1
2024,31,F,9,9,9,10,1,nan
2024,31,M,6,1,nan,10,nan,nan
2024,31,M,6,9,9,10,1,1
2024,31,M,6,9,9,8,1,nan
2024,31,M,6,4,9,8,1,nan
2024,31,F,9,4,7,10,1,nan
2024,31,M,6,4,10,10,1,1
2024,31,M,6,4,10,10,1,nan
2024,31,M,6,4,nan,10,1,1
2024,31,F,6,9,10,10,1,1
2024,31,F,5,1,9,10,1,1
2024,31,F,5,4,7,10,1,1
2024,31,M,6,4,1,10,1,1
2024,31,M,6,1,nan,8,nan,nan
2024,31,F,5,1,9,8,nan,nan
2024,31,F,5,1,6,8,nan,nan
2024,31,M,6,4,6,8,nan,nan
2024,31,M,6,1,10,8,nan,nan
2024,31,M,6,9,9,8,nan,nan
2024,31,M,6,9,10,8,1,nan
2024,31,F,9,9,9,8,nan,1
2024,31,F,9,9,nan,8,nan,nan
2024,31,M,6,4,5,8,nan,nan
2024,31,F,5,2,6,8,nan,nan
2024,31,F,5,1,6,8,nan,1
2024,31,F,5,9,nan,8,nan,nan
2024,31,F,6,4,1,8,nan,nan
2024,31,F,5,4,nan,8,nan,nan
2024,31,F,5,9,9,8,nan,nan
2024,31,F,5,4,6,8,nan,1
2024,31,M,6,9,nan,8,nan,nan
2024,31,M,6,1,8,8,nan,nan
2024,31,M,6,4,nan,8,nan,1
2024,31,F,5,4,6,8,nan,nan
2024,31,F,5,1,nan,8,nan,1
2024,31,M,6,4,4,8,nan,nan
2024,31,M,6,2,1,8,nan,nan
2024,31,F,9,4,9,8,nan,nan
2024,31,M,6,4,6,8,nan,1
2024,31,F,5,4,6,8,1,nan
2024,31,M,6,4,5,10,1,nan
2024,31,M,6,4,3,10,1,nan
2024,31,F,6,1,5,10,1,1
2024,31,F,6,1,8,10,1,nan
2024,31,F,6,1,9,10,1,1
2024,31,M,6,4,5,10,1,2
2024,31,M,6,1,9,10,1,nan
2024,31,F,9,4,2,10,1,1
2024,31,F,5,9,9,10,1,nan
2024,31,M,6,1,nan,10,nan,1
2024,31,F,5,1,4,10,1,nan
2024,31,F,5,4,4,10,1,nan
2024,31,F,6,1,1,10,1,1
2024,31,M,6,1,6,10,1,1
2024,31,F,5,4,3,10,1,1
2024,31,M,6,1,1,10,1,1
2024,31,F,5,1,6,10,1,1
2024,31,F,5,4,2,10,1,1
2024,31,F,9,2,9,10,nan,nan
2024,31,M,6,4,9,10,nan,nan
2024,31,F,9,9,9,10,nan,nan
2024,31,F,9,4,9,10,nan,nan
2024,31,M,6,4,nan,10,1,nan
2024,31,F,6,4,10,10,1,nan
2024,31,M,6,4,nan,10,1,3
2024,31,F,5,4,nan,10,1,3
2024,31,F,6,3,10,nan,nan,nan
2024,31,F,5,4,8,10,1,1
2024,31,F,9,1,6,10,1,nan
2024,31,M,6,1,8,10,1,nan
2024,31,M,6,1,9,10,9,1
2024,31,M,6,1,9,10,nan,nan
2024,31,M,6,4,3,10,9,nan
2024,31,M,6,1,0,10,1,nan
2024,31,F,5,4,3,10,nan,nan
2024,31,F,5,2,nan,10,nan,nan
2024,31,M,6,1,3,8,nan,nan
2024,31,M,6,4,9,8,9,nan
2024,31,M,6,1,9,8,nan,nan
2024,31,M,6,1,6,8,nan,1
2024,31,M,6,1,1,8,nan,nan
2024,31,M,6,1,6,8,nan,nan
2024,31,M,6,4,10,8,nan,nan
2024,31,F,5,1,1,8,nan,nan
2024,31,M,6,1,5,8,nan,nan
2024,31,M,6,3,9,8,nan,nan
2024,31,F,6,1,2,8,nan,nan
2024,31,F,6,1,10,10,1,nan
2024,31,F,5,2,6,10,1,1
2024,31,M,6,2,4,10,1,1
2024,31,M,6,9,10,10,1,1
2024,31,F,5,4,nan,10,1,nan
2024,31,F,5,1,nan,10,1,1
2024,31,M,6,9,6,11,1,nan
2024,31,F,5,2,5,10,1,1
2024,31,M,6,4,nan,11,1,nan
2024,31,F,5,1,8,8,nan,nan
2024,31,M,6,9,nan,10,1,1
2024,31,M,6,4,9,11,nan,nan
2024,50,M,6,1,nan,10,1,nan
2024,50,F,6,1,10,10,1,nan
2024,50,F,9,1,nan,10,1,nan
2024,50,M,6,1,9,10,1,1
2024,50,M,6,4,nan,10,1,1
2024,50,M,6,5,5,8,nan,nan
2024,50,F,5,1,9,8,nan,nan
2024,50,F,5,4,2,8,nan,nan
2024,50,F,5,1,8,10,1,nan
2024,50,M,6,1,6,10,1,nan
2024,50,M,6,1,8,10,1,1
2024,50,F,6,5,9,10,1,1
2024,50,F,5,4,8,10,nan,nan
2024,50,M,6,4,4,10,nan,nan
2024,50,F,1,1,8,8,nan,3
2024,50,M,6,4,9,10,1,1
2024,50,F,5,4,9,10,1,1
2024,51,M,6,3,7,10,1,nan
2024,51,M,6,2,6,10,1,1
2024,51,F,5,3,1,10,1,1
2024,51,M,6,4,10,10,1,1
2024,51,F,6,4,10,10,1,1
2024,51,M,6,4,9,10,1,nan
2024,51,M,6,4,6,10,1,1
2024,51,F,5,9,9,10,1,1
2024,51,M,6,1,9,10,1,1
2024,51,F,5,1,3,10,1,1
2024,51,F,5,4,6,8,nan,nan
2024,51,M,6,9,9,8,nan,nan
2024,51,M,6,2,9,8,nan,nan
2024,51,F,5,4,nan,8,nan,nan
2024,51,M,6,1,8,8,nan,nan
2024,51,F,6,4,10,10,1,nan
2024,51,M,6,4,nan,10,1,nan
2024,51,F,5,4,9,10,1,1
2024,51,F,5,3,8,10,1,nan
2024,51,M,6,4,10,10,nan,1
2024,51,F,5,4,6,10,1,1
2024,51,F,5,4,6,10,nan,1
2024,51,F,5,1,6,10,nan,1
2024,51,M,6,4,6,10,9,nan
2024,51,F,6,4,10,8,nan,nan
2024,51,M,6,4,nan,8,nan,nan
2024,51,F,6,1,nan,8,nan,nan
2024,51,M,6,4,10,8,nan,nan
2024,51,F,5,4,1,8,nan,nan
2024,51,F,5,4,4,8,nan,nan
2024,51,M,6,2,10,8,nan,nan
2024,51,F,6,1,10,8,nan,nan
2024,51,M,6,1,5,10,1,1
2024,51,M,6,1,7,10,1,1
2024,51,F,6,4,2,10,1,3
2024,51,F,6,4,3,10,1,1
2024,51,M,6,1,3,10,1,1
2024,51,F,6,2,10,10,1,1
2024,51,F,6,1,6,10,1,1
2024,51,F,5,4,4,10,1,1
2024,51,F,5,1,9,10,1,1
2024,51,F,3,1,6,10,1,1
2024,51,M,6,4,4,10,1,1
2024,51,F,5,3,9,10,1,nan
2024,51,M,6,9,10,10,1,nan
2024,15,M,6,4,4,10,1,1
2024,15,F,5,9,9,10,1,2
2024,15,M,6,4,5,10,1,nan
2024,15,F,6,4,3,11,nan,1
2024,15,F,6,1,10,10,1,1
2024,15,F,5,4,3,10,1,1
2024,15,M,6,2,1,10,1,1
2024,15,M,6,4,5,10,1,1
2024,15,F,5,4,5,10,1,1
2024,15,F,5,4,6,10,1,1
2024,15,F,5,4,6,10,1,nan
2024,15,M,6,2,nan,10,1,1
2024,15,M,6,4,2,10,1,3
2024,15,M,6,4,9,10,1,3
2024,25,M,6,4,10,10,1,1
2024,25,F,6,4,9,10,1,1
2024,25,M,6,4,9,10,1,1
2024,25,F,5,4,9,10,1,1
2024,25,M,6,1,nan,10,1,nan
2024,25,M,6,4,9,10,1,nan
2024,25,M,6,4,9,10,1,2
2024,26,M,6,9,9,8,nan,nan
2024,26,F,9,1,nan,10,1,nan
2024,26,M,6,4,9,10,1,nan
2024,26,F,9,9,9,10,1,nan
2024,26,F,6,4,10,8,nan,nan
2024,26,F,6,9,nan,8,nan,nan
2024,26,F,5,9,9,8,nan,nan
2024,26,M,6,4,3,8,nan,nan
2024,26,M,6,9,nan,8,nan,nan
2024,26,I,6,4,9,nan,nan,nan
2024,26,M,6,4,9,10,1,2
2024,26,M,6,9,9,10,1,nan
2024,22,F,9,4,9,10,9,nan
2024,22,M,6,1,9,10,1,1
2024,41,F,5,1,2,10,1,1
2024,41,F,5,4,nan,10,1,1
2024,41,F,6,1,9,10,1,1
2024,41,M,6,9,9,10,1,1
2024,41,M,6,1,9,10,1,1
2024,41,F,9,9,9,10,1,1
2024,41,F,5,4,6,10,1,1
2024,41,M,6,1,1,10,1,1
2024,41,F,6,1,10,10,1,3
2024,41,F,5,1,5,10,1,1
2024,41,M,6,4,9,10,1,1
2024,41,F,5,1,nan,8,nan,nan
2024,41,M,6,1,9,8,nan,nan
2024,41,F,6,1,6,8,nan,1
2024,41,F,5,1,8,8,nan,nan
2024,41,F,9,1,nan,8,nan,nan
2024,41,F,5,4,8,8,nan,nan
2024,41,M,6,4,1,8,nan,2
2024,41,M,6,1,6,8,nan,nan
2024,41,F,6,2,1,8,nan,nan
2024,41,F,5,4,nan,8,nan,nan
2024,41,M,6,4,9,8,nan,nan
2024,41,M,6,1,nan,8,nan,nan
2024,41,F,6,1,9,8,nan,nan
2024,41,M,6,9,6,8,nan,nan
2024,41,F,9,9,9,8,nan,nan
2024,41,F,5,2,9,8,nan,nan
2024,41,F,5,1,7,10,1,1
2024,41,M,6,9,6,10,1,1
2024,41,F,5,1,9,10,1,1
2024,41,M,6,1,8,10,1,1
2024,41,M,6,1,8,10,1,2
2024,41,F,5,1,6,10,1,1
2024,41,M,6,1,2,10,1,1
2024,41,F,6,4,6,10,1,2
2024,41,M,6,9,9,10,1,nan
2024,41,M,6,1,5,10,1,1
2024,41,F,5,1,5,10,1,nan
2024,41,M,6,1,5,10,1,nan
2024,41,F,5,1,nan,10,1,1
2024,41,M,6,4,nan,10,1,1
2024,41,M,6,9,10,10,1,1
2024,41,F,6,4,9,10,1,1
2024,41,F,5,9,9,10,1,1
2024,41,F,6,1,5,10,1,2
2024,41,F,6,1,5,10,1,1
2024,41,M,6,1,6,10,1,2
2024,41,F,5,4,4,8,nan,nan
2024,41,F,5,1,1,8,nan,nan
2024,41,F,5,1,9,8,nan,nan
2024,41,F,5,2,nan,8,nan,nan
2024,41,M,6,4,10,8,nan,nan
2024,41,F,5,1,7,8,nan,nan
2024,41,M,6,1,1,10,1,nan
2024,41,M,6,1,nan,10,1,1
2024,41,F,5,1,4,10,1,1
2024,41,F,5,4,4,10,1,1
2024,41,F,5,1,4,8,nan,nan
2024,41,F,5,1,6,10,1,2
2024,41,M,6,1,10,10,1,1
2024,41,M,6,4,10,10,1,1
2024,41,F,6,1,nan,10,1,1
2024,41,F,5,1,9,11,1,1
2024,41,M,6,4,9,10,nan,nan
2024,41,M,6,1,nan,10,nan,nan
2024,33,F,5,2,9,10,1,3
2024,33,F,6,4,10,10,nan,nan
2024,33,M,6,1,10,10,1,1
2024,33,F,6,4,1,10,1,nan
2024,33,M,6,9,nan,8,nan,nan
2024,33,F,9,9,9,8,nan,nan
2024,33,F,9,1,9,8,nan,nan
2024,33,M,6,9,9,8,nan,nan
2024,33,M,6,4,4,8,nan,nan
2024,33,F,5,4,6,10,1,1
2024,33,F,5,1,nan,10,1,nan
2024,33,M,6,1,9,10,1,nan
2024,33,M,6,9,9,10,1,1
2024,33,F,9,4,9,10,1,nan
2024,33,M,6,4,9,10,1,nan
2024,33,F,5,4,9,10,1,3
2024,33,M,6,9,9,10,9,3
2024,33,M,6,4,9,10,1,3
2024,33,M,6,4,9,10,1,1
2024,33,M,6,4,10,10,9,1
2024,33,F,5,4,nan,8,nan,nan
2024,33,M,6,1,nan,8,nan,nan
2024,33,M,6,2,9,10,1,1
2024,33,F,5,9,9,10,1,nan
2024,33,F,5,4,1,10,1,1
2024,33,F,5,4,9,10,1,nan
2024,24,F,5,4,nan,10,1,1
2024,11,M,6,4,3,10,1,1
2024,43,F,5,4,9,8,nan,nan
2024,43,F,5,1,9,8,nan,nan
2024,43,M,6,1,nan,8,nan,nan
2024,43,F,9,9,9,8,nan,nan
2024,43,F,5,1,5,10,1,1
2024,43,M,6,1,9,8,nan,nan
2024,43,M,6,9,nan,8,nan,nan
2024,43,M,6,1,6,8,nan,nan
2024,42,M,6,1,7,10,1,1
2024,42,F,5,1,6,10,1,1
2024,42,F,9,9,9,10,nan,nan
2024,42,F,5,1,nan,10,1,1
2024,42,F,5,1,nan,8,nan,nan
2024,42,F,5,1,9,8,nan,nan
2024,42,F,9,1,nan,8,nan,nan
2024,42,M,6,4,nan,8,nan,nan
2024,42,F,9,9,9,8,nan,nan
2024,42,M,6,1,nan,8,nan,nan
2024,42,F,5,2,nan,8,nan,nan
2024,42,M,6,1,3,8,nan,nan
2024,42,M,6,9,10,8,nan,nan
2024,42,M,6,1,9,8,nan,nan
2024,42,F,5,4,nan,8,nan,nan
2024,42,M,6,9,9,8,nan,nan
2024,42,F,6,9,10,8,nan,nan
2024,42,F,5,2,6,8,nan,nan
2024,42,F,5,4,6,8,nan,nan
2024,42,M,6,9,9,nan,nan,nan
2024,42,M,6,9,9,10,nan,nan
2024,42,F,6,9,9,10,nan,nan
2024,42,F,6,9,10,nan,nan,nan
2024,42,F,9,1,nan,nan,nan,nan
2024,42,F,5,1,6,8,nan,nan
2024,42,F,6,1,nan,8,nan,nan
2024,42,F,6,4,nan,8,nan,nan
2024,42,F,5,1,1,8,nan,nan
2024,42,M,6,1,6,8,nan,nan
2024,42,F,6,1,10,8,nan,1
2024,35,M,6,1,9,10,1,nan
2024,35,F,5,1,9,10,1,1
2024,42,M,6,1,9,10,1,1
2024,42,M,6,1,5,10,nan,1
2024,42,M,6,4,9,10,1,1
2024,42,F,5,1,0,10,1,1
2024,35,M,6,9,9,10,nan,nan
2024,35,M,6,9,9,10,1,1
2024,35,M,6,9,6,8,nan,1
2024,35,F,5,1,3,8,nan,1
2024,35,F,9,9,nan,10,nan,nan
2024,35,F,5,1,6,10,1,1
2024,35,F,6,1,3,10,1,1
2024,35,M,6,1,3,10,1,1
2024,35,M,6,1,4,10,1,nan
2024,35,M,6,4,4,10,1,1
2024,35,F,6,1,10,10,1,1
2024,35,F,3,1,nan,10,1,1
2024,35,F,6,4,3,10,1,nan
2024,35,F,5,1,nan,10,1,1
2024,35,F,6,1,6,10,1,1
2024,35,F,6,3,6,10,1,1
2024,35,M,6,4,nan,10,1,1
2024,35,M,6,1,5,10,1,1
2024,35,M,6,1,nan,10,1,1
2024,35,M,6,9,nan,10,1,1
2024,35,M,6,1,6,10,1,1
2024,35,M,6,2,3,10,1,nan
2024,35,M,6,4,10,10,1,1
2024,35,M,6,9,10,10,1,1
2024,35,M,6,1,7,10,1,1
2024,35,F,9,9,nan,10,1,1
2024,35,F,5,1,8,10,1,1
2024,35,M,6,1,10,10,1,1
2024,35,M,6,1,9,10,1,1
2024,35,F,6,4,6,10,nan,nan
2024,35,M,6,1,8,10,1,1
2024,35,F,5,9,9,10,1,1
2024,35,F,9,1,nan,10,1,1
2024,35,F,5,1,1,10,1,1
2024,35,F,5,1,5,10,1,1
2024,35,F,5,1,4,10,1,1
2024,35,M,6,1,2,10,1,1
2024,35,F,6,9,10,10,nan,nan
2024,35,F,5,4,6,10,1,1
2024,35,M,6,1,4,10,1,1
2024,35,F,5,1,7,10,1,nan
2024,35,F,6,1,2,10,1,1
2024,35,M,6,4,6,10,1,1
2024,35,M,6,1,8,10,1,nan
2024,35,F,4,1,nan,10,1,1
2024,35,F,9,4,6,10,1,1
2024,35,F,9,1,9,10,1,1
2024,35,F,5,2,nan,10,1,1
2024,35,F,5,1,4,10,1,nan
2024,35,M,6,2,6,10,1,1
2024,35,F,5,4,9,10,1,nan
2024,35,M,6,2,9,10,1,nan
2024,35,F,5,1,9,10,1,nan
2024,35,F,5,1,nan,8,nan,nan
2024,35,F,1,1,6,10,1,1
2024,35,M,6,4,6,10,9,nan
2024,35,F,9,1,9,10,9,1
2024,35,F,5,3,nan,10,1,nan
2024,35,F,1,1,nan,10,1,nan
2024,35,M,6,1,6,10,1,nan
2024,35,F,5,1,6,10,1,3
2024,35,F,3,4,9,10,nan,1
2024,35,F,5,4,nan,10,1,nan
2024,35,M,6,1,3,10,1,nan
2024,35,F,5,3,6,10,1,1
2024,35,F,5,1,nan,10,1,nan
2024,35,M,6,4,nan,10,1,nan
2024,35,M,6,1,nan,10,1,nan
2024,35,M,6,2,nan,10,1,nan
2024,35,F,5,1,9,11,1,1
2024,35,F,5,4,nan,10,1,1
