dt_notific,nu_ano,sg_uf_not,id_municip,cs_sexo,cs_gestant,cs_raca,cs_escol_n,ano_nasc,febre,mialgia,cefaleia,exantema,vomito,nausea,artralgia,diabetes,hipertensa,hospitaliz,classi_fin,criterio,tpautocto,evolucao,dt_obito,dt_encerra,dias_ate_encerramento
2024-01-18,2024,53,530010,M,6,4,6,2001,1,1,1,2,1,1,1,2,2,nan,10,2,3,nan,,2024-03-21,63.0
2024-01-18,2024,53,530010,F,9,4,9,1987,1,1,1,2,2,2,2,2,2,2,8,nan,nan,nan,,2024-03-19,61.0
2024-01-18,2024,53,530010,F,9,1,nan,1966,1,1,1,2,2,2,2,2,2,nan,10,1,3,9,,2024-01-18,0.0
2024-01-18,2024,53,530010,M,6,4,9,1977,nan,nan,nan,nan,nan,nan,nan,nan,nan,nan,8,nan,nan,nan,,2024-03-19,61.0
2024-01-18,2024,53,530010,M,6,4,nan,1973,1,1,1,2,2,2,2,2,2,2,10,1,3,9,,2024-01-18,0.0
2024-01-18,2024,53,530010,F,9,4,nan,1991,1,1,1,2,2,1,2,2,2,2,10,1,3,9,,2024-01-18,0.0
2024-01-18,2024,53,530010,M,6,4,10,2017,1,1,1,2,1,1,2,2,2,nan,10,1,nan,nan,,2024-02-08,21.0
2024-01-18,2024,53,530010,F,5,4,9,1974,1,1,1,2,2,1,1,2,2,nan,10,1,nan,nan,,2024-03-16,58.0
2024-01-18,2024,53,530010,M,6,9,9,1974,1,1,1,2,2,2,2,2,2,nan,10,1,nan,nan,,2024-01-24,6.0
2024-01-18,2024,53,530010,F,5,5,9,1977,1,1,1,2,1,1,2,2,2,nan,10,2,nan,nan,,2024-03-22,64.0
2024-01-18,2024,52,521523,F,6,4,2,2012,1,1,1,2,1,1,2,2,2,2,10,1,1,1,,2024-01-23,5.0
2024-01-18,2024,53,530010,F,5,4,8,1975,1,1,1,2,1,1,2,2,2,nan,10,1,nan,1,,2024-03-19,61.0
2024-01-18,2024,53,530010,F,9,9,9,1984,1,1,1,2,2,2,2,2,2,nan,10,1,nan,nan,,2024-01-24,6.0
2024-01-18,2024,53,530010,F,5,1,nan,1985,1,1,1,2,2,2,2,2,2,nan,10,1,nan,nan,,2024-01-22,4.0
2024-01-18,2024,53,530010,M,6,4,9,1975,1,1,2,2,1,2,1,2,2,2,10,2,nan,nan,,2024-03-22,64.0
2024-01-18,2024,53,530010,M,6,4,9,1944,2,1,1,2,2,1,2,1,1,1,10,1,1,1,,2024-02-19,32.0
2024-01-18,2024,53,530010,F,5,4,nan,2007,nan,nan,nan,nan,nan,nan,nan,nan,nan,nan,8,nan,nan,nan,,2024-03-19,61.0
2024-01-18,2024,53,530010,F,5,4,4,1990,1,1,1,2,2,2,2,2,2,2,8,nan,1,nan,,2024-03-19,61.0
2024-01-18,2024,53,530010,M,6,9,10,2018,1,1,2,2,2,1,2,2,2,1,10,2,3,nan,,2024-03-22,64.0
2024-01-18,2024,53,530010,F,5,2,nan,1972,1,1,1,2,1,1,2,2,1,nan,10,1,nan,nan,,2024-02-16,29.0
2024-01-18,2024,53,530010,F,9,4,5,2005,1,1,1,1,1,1,2,2,2,nan,10,1,nan,nan,,2024-03-16,58.0
2024-01-18,2024,53,530010,F,9,4,nan,2003,1,1,1,2,2,2,2,2,2,2,10,2,3,9,,2024-03-22,64.0
2024-01-18,2024,53,530010,F,5,4,4,2010,1,1,1,2,1,1,2,2,2,2,8,nan,1,nan,,2024-03-19,61.0
2024-01-18,2024,53,530010,M,6,4,2,2014,1,2,2,2,1,1,2,2,2,nan,10,1,nan,nan,,2024-02-16,29.0
2024-01-18,2024,53,530010,F,6,9,nan,2013,1,1,1,2,2,2,2,2,2,1,11,1,3,1,,2024-01-18,0.0
2024-01-18,2024,53,530010,M,6,1,9,2005,1,1,2,2,2,1,2,2,2,2,10,1,1,1,,2024-01-18,0.0
2024-01-18,2024,53,530010,M,6,4,nan,1993,nan,nan,nan,nan,nan,nan,nan,nan,nan,nan,8,nan,nan,nan,,2024-03-19,61.0
2024-01-18,2024,53,530010,F,9,2,6,1966,1,1,1,2,2,1,2,2,1,nan,10,2,nan,9,,2024-01-25,7.0
2024-01-18,2024,53,530010,F,5,9,9,1974,1,1,2,2,2,2,1,2,2,nan,10,1,nan,1,,2024-03-27,69.0
2024-01-18,2024,53,530010,M,6,4,4,1996,2,1,1,1,2,2,2,2,2,2,10,2,1,1,,2024-01-18,0.0
2024-01-18,2024,53,530010,F,6,9,10,2021,1,2,1,2,1,1,2,2,2,nan,10,2,nan,nan,,2024-03-22,64.0
2024-01-18,2024,53,530010,F,5,1,4,1969,1,1,1,2,2,2,1,2,2,2,10,1,1,1,,2024-04-29,102.0
2024-01-18,2024,53,530010,F,5,1,8,1975,1,1,1,1,2,1,1,2,1,2,10,2,1,9,,2024-03-22,64.0
2024-01-18,2024,53,530010,M,6,4,9,1947,1,1,1,2,2,2,2,2,2,2,10,2,nan,nan,,2024-03-22,64.0
2024-01-18,2024,53,530010,F,5,4,9,1968,1,1,1,2,1,1,2,2,2,nan,8,nan,nan,nan,,2024-03-19,61.0
2024-01-18,2024,53,530010,F,5,4,nan,1979,1,1,1,2,1,1,1,2,2,nan,8,nan,nan,nan,,2024-03-19,61.0
2024-01-18,2024,53,530010,F,5,4,9,2002,1,1,1,2,1,1,1,2,2,2,10,1,nan,9,,2024-01-22,4.0
2024-01-18,2024,53,530010,F,5,1,nan,1965,1,1,1,2,2,1,1,2,2,nan,10,2,nan,1,,2024-02-14,27.0
2024-01-18,2024,53,530010,F,5,4,6,1975,1,1,1,2,2,1,1,2,2,nan,10,1,nan,nan,,2024-02-09,22.0
2024-01-18,2024,53,530010,F,5,9,9,1999,1,1,1,2,1,2,2,2,2,nan,8,nan,nan,nan,,2024-03-19,61.0
2024-01-18,2024,53,530010,F,5,1,9,1993,1,1,1,2,2,2,2,2,2,2,8,nan,nan,nan,,2024-03-19,61.0
2024-01-18,2024,53,530010,F,5,1,5,nan,1,1,1,2,1,1,1,2,2,nan,10,2,1,1,,2024-03-04,46.0
2024-01-18,2024,53,530010,F,5,1,9,2003,1,1,1,2,2,2,2,2,2,nan,10,1,1,1,,2024-01-24,6.0
2024-01-18,2024,53,530010,M,6,4,7,2002,1,2,1,2,2,2,1,2,2,nan,10,2,nan,nan,,2024-03-22,64.0
2024-01-18,2024,53,530010,F,5,4,6,2002,1,1,1,2,2,1,2,2,2,nan,10,1,nan,1,,2024-02-16,29.0
2024-01-18,2024,53,530010,M,6,4,nan,1965,1,1,1,2,2,1,2,1,2,nan,10,2,nan,nan,,2024-01-19,1.0
2024-01-18,2024,53,530010,M,6,9,nan,2002,2,2,2,2,2,2,2,2,2,9,10,1,nan,9,,2024-01-18,0.0
2024-01-18,2024,53,530010,F,6,4,10,2019,1,2,2,2,1,2,2,2,2,2,10,1,3,1,,2024-01-25,7.0
2024-01-18,2024,53,530010,F,9,9,9,1993,1,1,1,1,1,1,2,2,2,nan,10,2,nan,1,,2024-02-29,42.0
2024-01-18,2024,53,530010,F,5,9,9,1940,1,1,1,2,1,1,2,2,2,nan,11,2,nan,nan,,2024-03-22,64.0
2024-01-18,2024,53,530010,F,5,4,9,2012,1,2,1,2,2,2,2,2,2,nan,10,2,nan,1,,2024-03-19,61.0
2024-01-18,2024,53,530010,F,5,4,nan,2003,nan,nan,nan,nan,nan,nan,nan,nan,nan,nan,8,nan,nan,nan,,2024-03-19,61.0
2024-01-18,2024,53,530010,M,6,4,9,1976,1,1,1,2,2,2,2,2,2,nan,10,2,nan,nan,,2024-03-22,64.0
2024-01-18,2024,53,530010,M,6,2,8,1989,1,1,1,2,2,2,2,2,2,nan,10,2,nan,1,,2024-03-22,64.0
2024-01-18,2024,53,530010,F,5,9,9,1962,1,1,1,2,2,1,1,2,2,2,10,1,nan,9,,2024-01-22,4.0
2024-01-18,2024,53,530010,M,6,2,nan,1969,1,1,1,2,2,2,1,2,2,nan,10,2,nan,1,,2024-04-22,95.0
2024-01-18,2024,53,530010,F,5,9,9,1975,1,1,1,2,2,2,2,2,2,2,10,1,1,nan,,2024-01-18,0.0
2024-01-18,2024,53,530010,F,5,4,nan,1987,1,1,1,2,2,2,2,2,2,nan,11,2,nan,1,,2024-03-19,61.0
2024-01-18,2024,53,530010,M,6,9,9,1997,2,1,1,2,2,2,2,2,2,9,10,1,nan,9,,2024-02-07,20.0
2024-01-18,2024,53,530010,F,5,1,nan,1999,1,1,1,2,2,2,2,2,2,nan,10,2,nan,1,,2024-01-25,7.0
2024-01-18,2024,53,530010,M,6,9,nan,2006,1,1,1,2,2,2,2,2,2,nan,8,nan,nan,nan,,2024-03-19,61.0
2024-01-18,2024,53,530010,F,9,9,nan,1979,1,1,1,1,2,1,2,2,2,nan,8,nan,nan,nan,,2024-03-19,61.0
2024-01-18,2024,53,530010,F,9,9,9,1966,1,1,1,2,2,2,2,2,2,2,10,1,1,1,,2024-01-18,0.0
2024-01-18,2024,53,530010,F,9,9,9,1990,2,1,2,2,2,2,2,2,2,2,10,1,1,nan,,2024-01-18,0.0
2024-01-18,2024,53,530010,F,9,9,9,1985,1,1,1,2,2,1,2,2,2,2,10,1,1,nan,,2024-01-18,0.0
2024-01-18,2024,53,530010,M,6,4,nan,1956,1,1,1,2,2,2,2,2,2,nan,8,nan,nan,nan,,2024-03-19,61.0
2024-01-18,2024,53,530010,F,9,9,nan,1940,1,1,1,2,2,2,2,2,1,nan,8,nan,nan,nan,,2024-03-19,61.0
2024-01-18,2024,53,530010,M,6,4,nan,2011,1,1,1,2,2,2,1,2,2,nan,8,nan,nan,nan,,2024-03-19,61.0
2024-01-18,2024,53,530010,F,5,9,9,2006,1,2,1,2,2,2,2,2,2,nan,10,1,1,nan,,2024-01-18,0.0
2024-01-18,2024,53,530010,F,5,9,9,1950,2,2,1,2,2,2,2,2,2,2,10,1,1,nan,,2024-01-18,0.0
2024-01-18,2024,53,530010,M,6,4,nan,1968,1,1,2,2,2,2,2,2,2,nan,10,1,nan,nan,,2024-02-20,33.0
2024-01-18,2024,53,530010,M,6,9,9,1987,2,1,1,2,2,2,2,2,2,2,10,1,1,nan,,2024-01-18,0.0
2024-01-18,2024,53,530010,F,9,9,9,1978,2,1,2,2,2,2,2,2,2,9,10,1,nan,9,,2024-02-08,21.0
2024-01-18,2024,53,530010,F,9,9,9,1985,2,1,1,2,2,2,2,2,2,2,10,1,1,nan,,2024-01-18,0.0
2024-01-18,2024,53,530010,F,5,5,9,1954,1,1,1,2,2,2,1,1,2,2,10,1,1,1,,2024-02-15,28.0
2024-01-18,2024,53,530010,M,6,4,nan,1964,1,1,1,2,2,2,2,2,2,nan,8,nan,nan,nan,,2024-03-19,61.0
2024-01-18,2024,53,530010,F,5,4,nan,1951,1,2,2,2,2,2,2,1,1,nan,10,1,nan,nan,,2024-02-22,35.0
2024-01-18,2024,53,530010,F,5,4,nan,1998,1,1,1,2,2,1,2,2,2,nan,10,2,nan,1,,2024-02-19,32.0
2024-01-18,2024,53,530010,F,5,4,nan,2003,1,1,1,1,2,2,2,2,2,nan,10,1,nan,1,,2024-02-29,42.0
2024-01-18,2024,53,530010,M,6,1,9,1934,2,2,2,2,1,2,2,2,2,9,10,1,nan,9,,2024-02-08,21.0
2024-01-18,2024,53,530010,M,6,4,10,2016,1,2,2,2,2,2,2,2,2,nan,8,nan,nan,nan,,2024-03-19,61.0
2024-01-18,2024,53,530010,M,6,3,nan,2009,1,1,1,2,2,1,2,2,2,nan,10,2,nan,1,,2024-06-26,160.0
2024-01-18,2024,53,530010,M,6,4,1,1970,1,2,1,2,2,2,2,2,2,9,10,1,nan,9,,2024-02-08,21.0
2024-01-18,2024,53,530010,F,9,9,nan,1968,1,1,1,2,2,1,1,2,2,nan,8,nan,nan,nan,,2024-03-19,61.0
2024-01-18,2024,53,530010,M,6,4,nan,1977,1,1,1,2,2,2,2,2,2,nan,10,2,nan,1,,2024-02-19,32.0
2024-01-18,2024,53,530010,M,6,2,nan,1999,2,1,1,2,2,2,2,2,2,9,10,2,1,9,,2024-01-18,0.0
2024-01-18,2024,53,530010,M,6,4,7,1990,1,1,1,1,1,1,1,2,2,2,10,1,1,nan,,2024-02-29,42.0
2024-01-18,2024,53,530010,F,9,4,9,1996,1,1,1,2,2,2,2,2,2,9,10,1,nan,9,,2024-02-14,27.0
2024-01-18,2024,53,530010,F,5,4,9,1980,1,1,1,2,2,2,1,2,2,2,10,1,1,1,,2024-02-09,22.0
2024-01-18,2024,53,530010,M,6,4,9,1964,1,1,1,2,2,1,2,2,2,9,10,1,nan,9,,2024-02-08,21.0
2024-01-18,2024,53,530010,M,6,9,10,2021,1,2,2,2,1,2,2,2,2,2,11,1,3,nan,,2024-01-18,0.0
2024-01-18,2024,53,530010,F,9,4,9,1941,2,2,2,2,1,1,2,1,1,9,10,1,nan,9,,2024-02-08,21.0
2024-01-18,2024,53,530010,F,6,9,9,1976,1,1,2,1,2,2,2,2,1,nan,10,2,nan,1,,2024-04-22,95.0
2024-01-18,2024,53,530010,F,9,4,9,2003,1,1,2,2,2,2,2,2,2,9,10,1,nan,9,,2024-02-14,27.0
2024-01-18,2024,53,530010,M,6,9,9,1954,1,1,1,2,2,1,1,2,1,nan,8,nan,nan,nan,,2024-03-19,61.0
2024-01-18,2024,53,530010,M,6,4,9,1976,1,1,1,2,2,1,2,2,2,9,10,1,nan,9,,2024-02-08,21.0
2024-01-18,2024,53,530010,M,6,9,9,2003,nan,nan,nan,nan,nan,nan,nan,nan,nan,nan,8,nan,nan,nan,,2024-03-19,61.0
2024-01-18,2024,53,530010,M,6,4,9,1965,1,1,1,2,2,1,2,2,2,9,10,1,nan,9,,2024-02-08,21.0
2024-01-18,2024,53,530010,F,5,4,nan,1986,1,1,1,2,1,2,2,2,2,9,10,2,1,9,,2024-01-18,0.0
2024-01-18,2024,53,530010,F,5,4,nan,2002,1,1,1,2,2,2,2,2,2,nan,8,nan,nan,nan,,2024-03-19,61.0
2024-01-18,2024,53,530010,M,6,4,9,1961,1,1,1,2,2,2,1,2,2,2,10,1,1,1,,2024-02-09,22.0
2024-01-18,2024,53,530010,F,5,4,nan,1999,1,1,1,2,2,2,2,2,2,nan,10,2,nan,1,,2024-03-19,61.0
2024-01-18,2024,53,530010,F,5,4,nan,2011,1,1,1,2,2,2,2,2,2,nan,10,1,nan,nan,,2024-02-22,35.0
2024-01-18,2024,53,530010,M,6,9,nan,1998,2,2,2,2,2,2,2,2,2,nan,10,1,nan,nan,,2024-02-02,15.0
2024-01-18,2024,53,530010,M,6,9,10,2018,2,2,2,2,2,2,2,2,2,nan,10,1,nan,nan,,2024-02-02,15.0
2024-01-18,2024,53,530010,F,5,4,nan,1968,1,1,1,2,2,1,2,2,2,nan,10,2,nan,1,,2024-02-19,32.0
2024-01-18,2024,53,530010,F,9,1,9,1993,1,1,1,2,2,2,1,2,2,nan,10,2,1,1,,2024-03-06,48.0
2024-01-18,2024,53,530010,F,9,1,9,1987,2,1,2,2,2,2,2,2,2,9,10,1,nan,9,,2024-02-07,20.0
2024-01-18,2024,53,530010,F,9,9,9,1996,1,1,1,2,2,1,2,2,2,9,10,1,nan,9,,2024-02-08,21.0
2024-01-18,2024,53,530010,M,6,1,9,2001,1,1,1,2,2,1,2,2,2,nan,10,2,1,1,,2024-02-16,29.0
2024-01-18,2024,53,530010,F,9,4,nan,1988,1,1,1,2,2,1,1,2,2,nan,8,nan,nan,nan,,2024-03-19,61.0
2024-01-18,2024,53,530010,F,9,9,nan,1996,1,1,1,2,1,2,2,2,2,2,11,3,1,9,,,
2024-01-18,2024,53,530010,M,6,4,nan,1967,1,1,1,2,2,2,2,2,2,nan,8,nan,nan,nan,,2024-03-19,61.0
2024-01-18,2024,53,530010,F,9,4,nan,1973,1,1,1,2,2,2,2,2,2,nan,8,nan,nan,nan,,2024-03-19,61.0
2024-01-18,2024,53,530010,F,9,9,nan,1949,1,1,1,2,2,1,1,2,2,nan,10,2,nan,nan,,2024-03-22,64.0
2024-01-18,2024,53,530010,F,9,9,nan,1941,2,2,2,2,2,1,2,2,2,nan,8,nan,nan,nan,,2024-03-19,61.0
2024-01-18,2024,53,530010,F,9,9,9,2010,1,2,1,2,2,2,2,2,2,2,10,2,1,1,,2024-01-18,0.0
2024-01-18,2024,53,530010,F,9,9,9,1968,1,1,2,2,2,2,2,2,2,2,10,1,1,nan,,2024-01-18,0.0
2024-01-18,2024,53,530010,F,9,4,nan,1986,1,2,1,2,1,2,2,2,2,9,10,2,1,1,,2024-02-20,33.0
2024-01-18,2024,53,530010,F,6,9,9,2015,1,2,2,2,2,2,2,2,2,2,10,1,1,nan,,2024-01-18,0.0
2024-01-18,2024,53,530010,M,6,9,9,1994,1,2,1,2,2,2,2,2,2,2,10,1,1,nan,,2024-01-18,0.0
2024-01-18,2024,53,530010,M,6,1,6,1968,1,2,1,2,2,1,2,1,2,1,10,1,2,1,,2024-01-18,0.0
2024-01-18,2024,53,530010,F,5,9,9,1983,2,2,1,2,2,2,2,2,2,2,10,1,1,nan,,2024-01-18,0.0
2024-01-18,2024,53,530010,F,9,9,9,1984,1,1,1,2,2,1,2,2,2,2,10,1,1,nan,,2024-01-18,0.0
2024-01-18,2024,53,530010,M,6,9,9,1980,1,1,1,2,1,1,2,2,2,2,10,1,1,nan,,2024-01-18,0.0
2024-01-18,2024,53,530010,F,9,9,9,2007,1,1,1,2,1,1,2,2,2,2,10,1,1,nan,,2024-01-18,0.0
2024-01-18,2024,53,530010,F,6,1,6,1989,1,1,1,2,1,1,2,2,2,2,10,2,nan,1,,2024-02-26,39.0
2024-01-18,2024,53,530010,M,6,4,nan,2003,1,1,1,1,1,1,2,2,2,2,10,1,1,1,,2024-02-24,37.0
2024-01-18,2024,53,530010,F,9,9,9,1980,1,1,1,2,2,2,2,2,2,2,10,1,1,nan,,2024-01-18,0.0
2024-01-18,2024,53,530010,F,9,9,8,1964,1,2,2,2,1,1,2,2,2,2,10,2,nan,1,,2024-01-18,0.0
2024-01-18,2024,53,530010,F,9,9,3,1942,1,1,2,2,2,1,2,2,2,2,10,2,nan,1,,2024-01-18,0.0
2024-01-18,2024,53,530010,M,6,1,9,1935,2,2,2,2,1,2,2,2,2,2,10,2,nan,1,,2024-01-18,0.0
2024-01-18,2024,53,530010,F,9,9,9,2007,1,2,1,2,2,2,2,2,2,2,10,2,nan,1,,2024-01-18,0.0
2024-01-18,2024,53,530010,M,6,9,9,1946,2,1,2,2,2,2,2,2,1,1,10,2,nan,1,,2024-01-24,6.0
2024-01-18,2024,53,530010,F,9,1,8,1956,1,2,2,2,2,1,2,2,2,2,10,2,nan,1,,2024-01-18,0.0
2024-01-18,2024,53,530010,F,5,9,9,1978,nan,nan,nan,nan,nan,nan,nan,nan,nan,nan,8,nan,nan,nan,,2024-03-19,61.0
2024-01-18,2024,53,530010,M,6,4,9,1983,1,1,1,2,2,2,2,2,2,2,8,nan,nan,nan,,2024-03-19,61.0
2024-01-18,2024,53,530010,F,9,9,9,1954,2,1,1,2,2,2,2,2,1,2,10,2,nan,1,,2024-01-18,0.0
2024-01-18,2024,53,530010,F,9,9,9,1961,2,2,2,2,2,2,2,1,1,2,10,2,nan,1,,2024-01-18,0.0
2024-01-18,2024,53,530010,M,6,9,9,1985,nan,nan,nan,nan,nan,nan,nan,nan,nan,nan,8,nan,nan,nan,,2024-03-19,61.0
2024-01-18,2024,53,530010,F,9,9,8,1977,2,2,1,2,1,1,2,2,2,2,10,2,nan,1,,2024-01-18,0.0
2024-01-18,2024,53,530010,F,9,9,9,1957,1,2,2,2,1,1,2,2,2,2,10,2,nan,1,,2024-01-18,0.0
2024-01-18,2024,53,530010,F,5,4,9,1995,1,1,1,2,2,2,2,2,2,2,10,2,1,1,,2025-05-19,487.0
2024-01-18,2024,53,530010,F,9,9,nan,1987,1,1,1,2,2,2,2,2,2,nan,10,2,nan,1,,2024-04-22,95.0
2024-01-18,2024,53,530010,M,6,2,9,1974,1,1,1,1,1,1,2,2,1,2,10,2,1,1,,2025-03-05,412.0
2024-01-18,2024,53,530010,M,6,9,9,1934,1,1,2,2,2,2,2,2,2,2,10,1,1,1,,2025-05-19,487.0
2024-01-18,2024,53,530010,F,6,1,nan,1946,1,1,2,2,2,2,2,1,1,2,10,2,1,1,,2024-07-17,181.0
2024-01-18,2024,53,530010,F,6,9,10,2019,1,2,2,2,1,2,2,2,2,2,10,1,3,1,,2024-03-06,48.0
2024-01-18,2024,53,530010,F,5,9,9,1987,1,1,1,2,2,2,2,2,2,2,10,2,nan,nan,,2024-04-11,84.0
2024-01-18,2024,53,530010,M,6,9,9,1977,2,2,1,2,2,1,2,2,1,2,8,nan,nan,nan,,2024-03-19,61.0
2024-01-18,2024,53,530010,M,6,9,9,1976,1,1,1,2,2,1,1,2,2,2,8,nan,nan,nan,,2024-03-19,61.0
2024-01-18,2024,53,530010,F,5,9,9,2000,2,1,1,2,2,2,2,2,2,2,8,nan,nan,nan,,2024-03-19,61.0
2024-01-18,2024,53,530010,F,5,4,nan,1982,1,1,1,2,2,1,2,2,2,2,10,1,1,1,,2024-04-17,90.0
2024-01-18,2024,53,530010,M,6,4,8,1974,1,1,2,2,2,2,1,2,2,nan,10,2,nan,1,,2024-09-11,237.0
2024-01-18,2024,53,530010,F,3,9,9,1992,1,1,2,2,2,2,2,2,2,2,10,1,3,1,,2024-03-06,48.0
2024-01-18,2024,53,530010,F,9,1,nan,1962,nan,nan,nan,nan,nan,nan,nan,nan,nan,nan,8,nan,nan,nan,,2024-03-19,61.0
2024-01-18,2024,53,530010,F,5,9,9,1990,2,1,1,2,2,1,1,2,2,2,10,2,nan,1,,2024-04-22,95.0
2024-01-18,2024,53,530010,F,5,4,3,1954,2,1,1,2,2,2,2,2,2,2,10,2,1,1,,2025-04-03,441.0
2024-01-18,2024,53,530010,F,6,4,10,2019,1,2,2,1,2,2,2,2,2,2,10,1,1,1,,2024-03-08,50.0
2024-01-18,2024,53,530010,M,6,1,nan,1970,1,1,2,2,2,2,2,2,2,2,10,2,1,1,,2025-03-06,413.0
2024-01-18,2024,53,530010,F,5,9,9,2009,1,1,1,2,1,1,2,2,2,2,10,2,nan,1,,2024-03-19,61.0
2024-01-18,2024,53,530010,F,5,9,9,1996,2,2,2,2,2,2,2,2,2,2,8,nan,nan,nan,,2024-03-19,61.0
2024-01-18,2024,53,530010,F,5,9,9,1967,1,1,1,2,2,1,2,1,2,2,10,2,nan,1,,2024-04-22,95.0
2024-01-18,2024,53,530010,F,6,4,nan,1971,nan,nan,nan,nan,nan,nan,nan,nan,nan,nan,8,nan,nan,nan,,2024-03-19,61.0
2024-01-18,2024,53,530010,F,5,9,9,2001,1,1,1,2,2,2,2,2,2,2,8,nan,nan,nan,,2024-03-19,61.0
2024-01-18,2024,53,530010,F,5,9,9,1973,2,2,2,2,2,2,2,2,2,2,10,2,nan,1,,2024-03-19,61.0
2024-01-18,2024,53,530010,F,5,9,9,1985,1,1,1,2,2,1,1,2,2,2,10,2,nan,nan,,2024-03-22,64.0
2024-01-18,2024,53,530010,F,5,9,9,1978,2,1,1,2,2,1,2,2,2,2,10,2,nan,nan,,2024-03-22,64.0
2024-01-18,2024,53,530010,M,6,4,nan,1941,1,1,2,2,2,2,1,2,1,1,12,1,1,1,,2024-03-08,50.0
2024-01-18,2024,53,530010,F,5,9,9,1989,1,1,1,2,2,2,1,2,2,2,10,2,nan,nan,,2024-04-22,95.0
2024-01-18,2024,53,530010,F,5,1,nan,2011,1,2,2,2,2,1,2,2,2,nan,8,nan,1,1,,2024-09-09,235.0
2024-01-18,2024,53,530010,M,6,9,9,1988,2,1,1,2,2,2,2,2,2,2,8,nan,nan,nan,,2024-03-19,61.0
2024-01-18,2024,53,530010,F,5,1,nan,1982,nan,nan,nan,nan,nan,nan,nan,nan,nan,nan,8,nan,nan,nan,,2024-03-19,61.0
2024-01-18,2024,53,530010,M,6,4,nan,1957,1,1,2,2,2,2,1,2,2,2,11,2,1,1,,2024-04-03,76.0
2024-01-18,2024,53,530010,F,9,1,9,1982,nan,nan,nan,nan,nan,nan,nan,nan,nan,nan,8,nan,nan,nan,,2024-03-19,61.0
2024-01-18,2024,53,530010,F,5,4,nan,2005,1,1,1,2,1,1,2,2,2,2,10,2,1,1,,2024-03-22,64.0
2024-01-18,2024,53,530010,F,6,1,nan,1953,1,2,1,2,2,1,1,2,1,2,10,2,1,1,,2024-03-22,64.0
2024-01-18,2024,53,530010,F,5,4,nan,1998,nan,nan,nan,nan,nan,nan,nan,nan,nan,nan,8,nan,nan,nan,,2024-03-19,61.0
2024-01-18,2024,53,530010,F,5,1,nan,1956,1,1,1,2,1,1,2,1,1,2,10,2,1,1,,2024-04-01,74.0
2024-01-18,2024,53,530010,F,5,4,nan,1973,1,1,1,2,2,1,1,2,2,2,10,2,1,1,,2024-04-01,74.0
2024-01-18,2024,53,530010,M,6,4,nan,2000,2,1,1,2,1,1,2,2,2,2,10,2,1,1,,2024-04-01,74.0
2024-01-18,2024,53,530010,M,6,4,nan,1972,1,1,1,2,2,2,2,2,2,2,10,2,1,1,,2024-03-22,64.0
2024-01-18,2024,53,530010,M,6,4,9,1954,nan,nan,nan,nan,nan,nan,nan,nan,nan,nan,8,nan,nan,nan,,2024-03-19,61.0
2024-01-18,2024,53,530010,M,6,4,9,nan,1,1,1,2,1,1,1,2,2,2,10,2,1,9,,2024-03-19,61.0
2024-01-18,2024,53,530010,F,9,9,9,1982,1,1,1,2,2,2,2,2,2,2,10,3,3,nan,,,
2024-01-18,2024,53,530010,F,5,1,9,1948,1,1,1,2,2,2,2,2,2,2,10,1,1,1,,2024-02-18,31.0
2024-01-18,2024,53,530010,M,6,9,9,1971,1,1,1,2,2,1,2,2,2,2,10,1,1,1,,2024-03-19,61.0
2024-01-18,2024,53,530010,F,5,1,nan,1959,nan,nan,nan,nan,nan,nan,nan,nan,nan,nan,8,nan,nan,nan,,2024-03-19,61.0
2024-01-18,2024,53,530010,F,5,4,9,1965,1,1,1,2,1,1,2,2,1,nan,10,2,nan,1,,2024-03-21,63.0
2024-01-18,2024,53,530010,F,9,3,9,1969,1,2,1,2,1,1,2,2,2,2,10,2,1,1,,2024-04-01,74.0
2024-01-18,2024,53,530010,F,6,4,10,2017,nan,nan,nan,nan,nan,nan,nan,nan,nan,nan,8,nan,nan,nan,,2024-03-19,61.0
2024-01-18,2024,53,530010,F,5,4,nan,2010,1,1,1,2,2,2,2,2,2,2,10,2,1,1,,2024-07-04,168.0
2024-01-18,2024,53,530010,F,6,2,nan,1943,nan,nan,nan,nan,nan,nan,nan,nan,nan,nan,8,nan,nan,nan,,2024-03-19,61.0
2024-01-18,2024,53,530010,F,6,4,nan,1978,1,1,1,2,2,2,2,2,2,2,10,2,1,1,,2024-04-04,77.0
2024-01-18,2024,53,530010,F,6,1,nan,1977,1,1,1,2,2,1,2,2,2,2,8,2,2,1,,2024-04-04,77.0
2024-01-18,2024,53,530010,F,6,4,9,2013,1,2,2,2,2,1,2,2,2,2,10,1,1,1,,2024-01-18,0.0
2024-01-18,2024,53,530010,F,6,4,10,2022,1,2,2,2,2,2,2,2,2,1,10,1,1,1,,2024-01-20,2.0
2024-01-18,2024,53,530010,F,6,4,9,2014,2,2,1,2,2,2,2,2,2,2,10,1,1,1,,2024-01-18,0.0
2024-01-18,2024,53,530010,M,6,4,10,2016,1,2,2,2,1,2,2,2,2,9,10,1,1,1,,2024-01-18,0.0
2024-01-18,2024,53,530010,F,6,1,9,1993,1,1,2,2,2,2,2,2,2,2,10,2,1,1,,2025-03-18,425.0
2024-01-18,2024,53,530010,F,6,9,10,2016,1,2,2,2,1,2,2,2,2,nan,10,2,nan,nan,,2024-03-22,64.0
2024-01-18,2024,53,530010,F,9,9,9,1970,1,1,2,2,2,2,2,2,2,2,10,1,1,nan,,2024-01-18,0.0
2024-01-18,2024,53,530010,F,9,9,9,1939,2,1,2,2,1,1,2,2,2,2,10,1,1,nan,,2024-01-18,0.0
2024-01-18,2024,53,530010,M,6,3,nan,2006,1,1,1,2,2,2,2,2,2,nan,8,nan,nan,nan,,2024-03-19,61.0
2024-01-18,2024,53,530010,M,6,9,9,1980,1,1,1,2,2,2,2,2,2,2,10,1,1,nan,,2024-01-18,0.0
2024-01-18,2024,53,530010,F,9,9,9,1994,1,1,1,2,2,1,2,2,2,2,10,1,1,nan,,2024-01-18,0.0
2024-01-18,2024,53,530010,M,6,9,9,2015,1,2,1,2,1,2,2,2,2,2,10,1,1,nan,,2024-01-18,0.0
2024-01-18,2024,53,530010,M,6,9,10,2017,1,2,2,2,2,2,2,2,2,nan,8,nan,nan,nan,,2024-03-19,61.0
2024-01-18,2024,53,530010,M,6,4,nan,1960,1,1,1,2,2,2,2,2,2,nan,8,nan,nan,nan,,2024-03-19,61.0
2024-01-18,2024,53,530010,M,6,4,nan,1988,1,1,1,2,2,2,1,2,2,nan,8,nan,nan,nan,,2024-03-19,61.0
2024-01-18,2024,53,530010,F,6,4,10,2021,1,1,1,2,2,2,1,1,1,2,10,1,1,1,,2024-02-15,28.0
2024-01-18,2024,53,530010,F,9,9,9,1986,2,1,2,2,2,1,2,2,2,2,10,1,1,nan,,2024-01-18,0.0
2024-01-18,2024,53,530010,F,5,1,6,1969,1,2,1,2,1,1,2,2,2,1,10,1,2,nan,,2024-01-18,0.0
2024-01-18,2024,53,530010,F,6,9,10,2020,1,1,2,2,1,2,2,2,2,2,10,1,1,nan,,2024-01-18,0.0
2024-01-18,2024,53,530010,M,6,1,nan,1976,1,1,1,2,2,2,2,2,2,nan,10,2,nan,1,,2024-04-22,95.0
2024-01-18,2024,53,530010,M,6,9,nan,1958,1,1,1,2,2,2,2,2,2,nan,8,nan,nan,nan,,2024-03-19,61.0
2024-01-18,2024,53,530010,F,5,9,9,1972,1,1,1,2,2,2,2,2,2,2,10,1,1,nan,,2024-01-18,0.0
2024-01-18,2024,53,530010,F,9,1,nan,1986,1,1,1,1,2,1,2,2,2,nan,8,nan,nan,nan,,2024-03-19,61.0
2024-01-18,2024,53,530010,M,6,4,9,1969,1,1,2,2,2,1,2,2,2,2,10,1,1,1,,2024-01-18,0.0
2024-01-18,2024,53,530010,F,9,4,9,1973,1,1,1,2,2,1,2,2,2,2,10,2,1,1,,2024-04-01,74.0
2024-01-18,2024,53,530010,M,6,4,nan,1987,nan,nan,nan,nan,nan,nan,nan,nan,nan,nan,8,nan,nan,nan,,2024-03-19,61.0
2024-01-18,2024,53,530010,F,1,4,3,1988,2,1,1,2,1,1,2,2,2,9,10,2,1,9,,2024-03-22,64.0
2024-01-18,2024,53,530010,F,5,4,nan,1956,2,1,1,2,2,1,2,1,1,2,10,2,1,1,,2024-04-01,74.0
2024-01-18,2024,53,530010,M,6,2,nan,1967,nan,nan,nan,nan,nan,nan,nan,nan,nan,nan,8,nan,nan,nan,,2024-03-19,61.0
2024-01-18,2024,53,530010,F,9,1,9,1984,1,2,1,2,2,1,2,2,2,2,10,2,nan,1,,2024-06-11,145.0
2024-01-18,2024,53,530010,M,6,4,9,1993,nan,nan,nan,nan,nan,nan,nan,nan,nan,nan,8,nan,nan,nan,,2024-03-19,61.0
2024-01-18,2024,53,530010,F,9,4,9,1948,2,1,1,2,2,1,2,2,1,1,11,2,1,nan,,2024-04-01,74.0
2024-01-18,2024,53,530010,F,9,4,9,1989,1,2,1,2,2,2,2,2,2,2,10,2,1,1,,2024-04-01,74.0
2024-01-18,2024,53,530010,F,9,4,9,1998,2,2,2,2,2,2,2,2,2,2,10,2,1,1,,2024-04-01,74.0
2024-01-18,2024,53,530010,F,5,4,9,1972,1,1,2,2,1,1,2,2,2,2,10,1,3,1,,2024-01-18,0.0
2024-01-18,2024,53,530010,F,5,4,9,1961,1,1,2,2,2,1,1,2,2,2,11,1,3,1,,2024-01-25,7.0
2024-01-18,2024,53,530010,F,9,9,9,1965,1,1,1,2,2,2,2,2,2,nan,10,2,nan,1,,2024-04-22,95.0
2024-01-18,2024,53,530010,M,6,9,9,1963,1,1,2,2,2,2,2,2,2,2,8,nan,nan,nan,,2024-03-19,61.0
2024-01-18,2024,53,530010,F,9,4,nan,1982,1,2,1,2,2,1,2,2,2,nan,8,nan,nan,nan,,2024-03-19,61.0
2024-01-18,2024,53,530010,M,6,1,1,1943,1,1,1,2,2,2,2,2,1,2,10,1,nan,1,,2025-04-03,441.0
2024-01-18,2024,53,530010,F,5,1,8,1994,1,1,1,2,1,1,2,2,1,2,10,2,1,1,,2024-07-17,181.0
2024-01-18,2024,53,530010,M,6,9,9,2015,1,1,2,2,2,2,2,2,2,2,10,1,3,1,,2024-03-07,49.0
2024-01-18,2024,53,530010,F,9,1,nan,2005,2,2,1,2,2,2,2,2,2,nan,8,nan,nan,nan,,2024-03-19,61.0
2024-01-18,2024,53,530010,M,6,1,nan,1966,1,1,1,2,2,1,2,1,1,2,10,2,1,1,,2024-03-05,47.0
2024-01-18,2024,53,530010,F,5,9,9,1975,1,1,1,2,2,1,1,2,2,1,10,2,1,1,,2024-03-19,61.0
2024-01-18,2024,53,530010,F,5,9,9,1968,1,1,1,2,2,2,2,2,2,2,8,nan,nan,nan,,2024-03-19,61.0
2024-01-18,2024,53,530010,M,6,9,9,1964,1,1,1,2,2,2,2,2,2,nan,8,nan,nan,nan,,2024-03-19,61.0
2024-01-18,2024,53,530010,M,6,9,9,1974,1,1,2,2,2,2,2,2,2,2,8,2,nan,1,,2024-03-18,60.0
2024-01-18,2024,53,530010,F,5,9,9,1976,1,1,1,2,1,1,2,2,2,2,10,2,nan,1,,2024-03-19,61.0
2024-01-18,2024,53,530010,M,6,9,9,1971,1,1,1,2,2,2,2,2,2,2,8,nan,nan,nan,,2024-03-19,61.0
2024-01-18,2024,53,530010,M,6,9,9,1986,1,1,1,1,2,2,2,2,2,2,8,nan,nan,nan,,2024-03-19,61.0
2024-01-18,2024,53,530010,M,6,4,6,1973,1,1,1,2,1,1,1,1,2,nan,10,2,1,1,,2024-03-12,54.0
2024-01-18,2024,53,530010,F,5,9,9,1941,2,1,1,2,2,2,2,1,2,2,8,nan,nan,nan,,2024-03-19,61.0
2024-01-18,2024,53,530010,M,6,9,9,1980,1,1,1,2,2,2,2,2,2,2,8,nan,nan,nan,,2024-03-19,61.0
2024-01-18,2024,53,530010,F,5,9,9,1946,2,2,2,2,2,1,2,2,1,2,8,nan,nan,nan,,2024-03-19,61.0
2024-01-18,2024,53,530010,M,6,4,nan,1997,1,1,1,2,2,2,2,2,2,2,10,2,nan,1,,2025-02-20,399.0
2024-01-18,2024,53,530010,F,9,9,9,2009,nan,nan,nan,nan,nan,nan,nan,nan,nan,nan,8,nan,nan,nan,,2024-03-19,61.0
2024-01-18,2024,53,530010,F,5,2,6,2006,2,2,2,2,2,1,2,2,2,2,10,2,1,1,,2024-03-26,68.0
2024-01-18,2024,53,530010,F,9,9,9,1952,nan,nan,nan,nan,nan,nan,nan,nan,nan,nan,8,nan,nan,nan,,2024-03-19,61.0
2024-01-18,2024,53,530010,M,6,9,9,2004,nan,nan,nan,nan,nan,nan,nan,nan,nan,nan,8,nan,nan,nan,,2024-03-19,61.0
2024-01-18,2024,53,530010,M,6,9,9,1955,nan,nan,nan,nan,nan,nan,nan,nan,nan,nan,8,nan,nan,nan,,2024-03-19,61.0
2024-01-18,2024,53,530010,M,6,9,9,1989,nan,nan,nan,nan,nan,nan,nan,nan,nan,nan,8,nan,nan,nan,,2024-03-19,61.0
2024-01-18,2024,53,530010,M,6,9,9,1962,nan,nan,nan,nan,nan,nan,nan,nan,nan,nan,8,nan,nan,nan,,2024-03-19,61.0
2024-01-18,2024,53,530010,M,6,4,9,1994,1,2,2,2,2,2,2,2,2,2,10,1,1,1,,2024-01-19,1.0
2024-01-18,2024,53,530010,F,5,5,9,1981,1,1,2,2,2,2,2,2,2,2,10,1,1,1,,2024-01-18,0.0
2024-01-18,2024,53,530010,F,5,4,9,1990,1,1,1,2,2,1,2,2,2,2,10,1,1,1,,2024-01-19,1.0
2024-01-18,2024,53,530010,M,6,4,9,1967,1,1,1,2,2,2,2,2,2,2,10,1,1,1,,2024-01-18,0.0
2024-01-18,2024,53,530010,M,6,9,9,2009,nan,nan,nan,nan,nan,nan,nan,nan,nan,nan,8,nan,nan,nan,,2024-03-19,61.0
2024-01-18,2024,53,530010,F,5,4,9,1964,2,1,2,2,2,2,2,1,1,2,10,1,1,1,,2024-01-18,0.0
2024-01-18,2024,53,530010,F,5,4,9,1990,1,1,1,2,2,2,2,2,2,2,10,1,1,1,,2024-01-18,0.0
2024-01-18,2024,53,530010,M,6,4,9,1969,1,1,1,2,2,1,2,2,2,2,10,1,1,1,,2024-01-18,0.0
2024-01-18,2024,53,530010,F,5,4,8,1972,1,1,1,2,2,2,2,2,2,2,10,1,1,1,,2024-01-18,0.0
2024-01-18,2024,53,530010,M,6,4,9,2014,1,2,2,2,2,2,2,2,2,2,10,1,1,1,,2024-01-23,5.0
2024-01-18,2024,53,530010,F,5,4,9,1973,1,1,2,2,2,2,2,2,2,2,10,1,1,nan,,2024-01-18,0.0
2024-01-18,2024,53,530010,F,9,9,9,1959,nan,nan,nan,nan,nan,nan,nan,nan,nan,nan,8,nan,nan,nan,,2024-03-19,61.0
2024-01-18,2024,53,530010,F,9,9,9,1971,nan,nan,nan,nan,nan,nan,nan,nan,nan,nan,8,nan,nan,nan,,2024-03-19,61.0
2024-01-18,2024,53,530010,M,6,9,9,1991,nan,nan,nan,nan,nan,nan,nan,nan,nan,nan,8,nan,nan,nan,,2024-03-19,61.0
2024-01-18,2024,53,530010,F,9,9,9,1969,nan,nan,nan,nan,nan,nan,nan,nan,nan,nan,8,nan,nan,nan,,2024-03-19,61.0
2024-01-18,2024,53,530010,M,6,4,9,1960,2,1,2,2,2,2,2,2,2,2,10,1,1,1,,2024-01-18,0.0
2024-01-18,2024,53,530010,F,5,4,9,1995,2,2,1,2,2,2,2,2,2,2,10,1,1,1,,2024-01-18,0.0
2024-01-18,2024,53,530010,F,5,4,9,2012,1,1,2,2,2,2,2,2,2,2,10,1,1,1,,2024-01-18,0.0
2024-01-18,2024,53,530010,F,5,1,9,1936,1,1,1,2,2,2,2,2,2,2,10,2,1,1,,2024-02-18,31.0
2024-01-18,2024,53,530010,F,6,9,9,2015,nan,nan,nan,nan,nan,nan,nan,nan,nan,nan,8,nan,nan,nan,,2024-03-19,61.0
2024-01-18,2024,53,530010,M,6,9,10,2022,nan,nan,nan,nan,nan,nan,nan,nan,nan,nan,8,nan,nan,nan,,2024-03-19,61.0
2024-01-18,2024,53,530010,F,6,4,5,2015,nan,nan,nan,nan,nan,nan,nan,nan,nan,nan,8,nan,nan,nan,,2024-03-19,61.0
2024-01-18,2024,53,530010,M,6,4,9,1992,1,2,1,2,2,2,2,2,2,2,10,1,1,1,,2024-01-18,0.0
2024-01-18,2024,53,530010,F,5,4,nan,2010,1,1,1,2,1,1,2,2,2,nan,10,2,nan,nan,,2024-08-02,197.0
2024-01-18,2024,53,530010,M,6,4,9,2011,1,2,1,2,2,2,2,2,2,2,10,1,1,1,,2024-01-18,0.0
2024-01-18,2024,53,530010,M,6,4,9,2013,1,2,1,2,2,2,2,2,2,2,10,1,1,1,,2024-01-18,0.0
2024-01-18,2024,53,530010,M,6,4,9,2008,1,1,1,2,2,2,2,2,2,2,10,1,1,1,,2024-01-19,1.0
2024-01-18,2024,53,530010,F,5,4,9,2008,1,2,2,2,2,2,2,2,2,2,10,1,1,1,,2024-01-18,0.0
2024-01-18,2024,53,530010,F,5,4,9,2006,1,1,1,2,2,2,2,2,2,2,10,1,1,1,,2024-01-18,0.0
2024-01-18,2024,53,530010,M,6,1,9,1962,1,1,1,2,2,1,2,2,2,2,10,2,1,1,,2025-07-14,543.0
2024-01-19,2024,53,530010,F,6,4,nan,2013,1,1,1,2,2,2,2,2,2,nan,nan,nan,nan,nan,,,
2024-01-19,2024,53,530010,F,6,1,nan,1968,1,1,1,2,2,2,2,2,2,nan,nan,nan,nan,nan,,,
2024-01-19,2024,53,530010,F,6,2,nan,1975,2,2,2,2,2,2,2,2,2,nan,nan,nan,nan,nan,,,
2024-01-19,2024,53,530010,F,5,4,8,1994,1,1,1,2,2,2,1,2,2,2,10,1,1,1,,2024-02-02,14.0
2024-01-19,2024,53,530010,F,6,9,9,2015,1,2,2,2,2,2,2,2,2,2,10,1,3,nan,,2024-01-19,0.0
2024-01-19,2024,53,530010,F,6,9,nan,1955,2,1,1,2,2,2,1,2,2,2,10,1,nan,9,,2024-02-08,20.0
2024-01-19,2024,53,530010,F,9,4,nan,1977,1,1,1,2,1,1,2,2,1,nan,10,1,nan,nan,,2024-02-20,32.0
2024-01-19,2024,53,530010,M,6,4,nan,2003,1,1,1,1,2,1,2,2,2,nan,10,2,nan,nan,,2024-03-18,59.0
2024-01-19,2024,53,530010,M,6,9,9,1992,1,1,1,2,2,2,2,2,2,2,10,1,nan,9,,2024-02-09,21.0
2024-01-19,2024,53,530010,M,6,9,9,1974,1,1,2,2,2,2,1,2,2,2,10,1,nan,9,,2024-02-08,20.0
2024-01-19,2024,53,530010,F,9,9,nan,1965,1,1,1,1,2,1,2,2,2,nan,10,2,nan,nan,,2024-03-18,59.0
2024-01-19,2024,53,530010,M,6,4,10,2017,1,1,2,2,2,2,2,2,2,nan,10,2,nan,nan,,2024-02-18,30.0
2024-01-19,2024,53,530010,M,6,9,nan,2003,1,1,2,2,2,2,2,2,2,nan,10,2,nan,1,,2024-03-20,61.0
2024-01-19,2024,53,530010,F,9,4,9,1955,2,2,2,2,2,2,2,2,2,9,10,1,nan,9,,2024-02-07,19.0
2024-01-19,2024,53,530010,M,6,4,9,1997,1,2,1,2,2,2,2,2,2,9,10,1,nan,9,,2024-02-07,19.0
2024-01-19,2024,53,530010,M,6,9,9,1948,2,1,2,2,2,2,2,1,1,2,10,1,nan,9,,2024-02-09,21.0
2024-01-19,2024,53,530010,F,9,4,nan,1959,1,1,1,2,2,2,2,2,1,nan,10,2,nan,nan,,2024-03-18,59.0
2024-01-19,2024,53,530010,F,5,9,9,1977,1,1,1,2,2,2,1,2,2,2,8,nan,nan,nan,,2024-03-20,61.0
2024-01-19,2024,53,530010,M,6,4,nan,2012,1,1,2,1,2,2,1,2,2,2,10,2,1,1,,2025-01-31,378.0
2024-01-19,2024,53,530010,M,6,4,2,2014,1,1,1,1,2,1,1,2,2,9,10,2,1,9,,2024-12-16,332.0
2024-01-19,2024,53,530010,M,6,4,nan,1991,1,1,1,2,2,1,2,2,2,nan,10,1,nan,nan,,2024-02-09,21.0
2024-01-19,2024,53,530010,F,5,4,9,1994,1,1,1,2,1,1,2,2,2,nan,8,nan,nan,nan,,2024-03-20,61.0
2024-01-19,2024,53,530010,M,6,4,nan,1956,1,1,1,2,2,2,2,2,2,nan,8,nan,nan,nan,,2024-03-20,61.0
2024-01-19,2024,53,530010,F,5,4,9,1989,1,2,2,2,2,2,2,2,1,nan,10,2,nan,1,,2024-03-20,61.0
2024-01-19,2024,53,530010,F,5,1,nan,1967,1,1,1,2,2,1,2,2,1,nan,10,2,nan,1,,2024-02-19,31.0
2024-01-19,2024,53,530010,F,5,4,5,2000,1,2,1,2,2,2,2,2,2,2,10,1,1,1,,2024-01-30,11.0
2024-01-19,2024,53,530010,F,6,4,10,2016,1,1,1,2,2,2,2,2,2,nan,10,1,3,nan,,2024-01-31,12.0
2024-01-19,2024,53,530010,M,6,4,9,2012,1,2,2,2,1,1,2,2,2,2,10,1,3,1,,2024-01-29,10.0
2024-01-19,2024,53,530010,F,9,4,5,1981,1,1,1,1,2,2,2,2,2,2,10,1,1,1,,2024-02-06,18.0
2024-01-19,2024,53,530010,M,6,4,9,1992,1,1,1,2,2,1,2,2,2,2,10,1,3,9,,2024-01-19,0.0
2024-01-19,2024,53,530010,F,5,1,3,1994,1,1,1,2,2,2,1,2,2,nan,10,2,nan,nan,,2024-02-23,35.0
2024-01-19,2024,53,530010,F,5,4,nan,2007,1,1,1,2,2,1,2,2,2,nan,10,2,1,9,,2024-01-31,12.0
2024-01-19,2024,53,530010,M,6,4,nan,1968,1,2,1,2,1,2,2,2,1,1,10,1,1,9,,2024-01-21,2.0
2024-01-19,2024,52,521523,F,5,4,6,1984,1,1,1,2,1,1,2,2,2,2,10,1,1,1,,2024-01-22,3.0
2024-01-19,2024,53,530010,F,6,4,10,2023,1,2,2,2,2,2,2,2,2,1,8,nan,nan,nan,,2024-03-20,61.0
2024-01-19,2024,53,530010,M,6,4,9,1968,nan,nan,nan,nan,nan,nan,nan,nan,nan,nan,8,nan,nan,nan,,2024-03-20,61.0
2024-01-19,2024,53,530010,F,5,1,9,1983,1,1,1,2,1,1,2,1,1,nan,10,2,nan,1,,2024-03-01,42.0
2024-01-19,2024,53,530010,M,6,4,nan,1992,1,1,1,2,2,2,1,2,2,nan,10,2,nan,1,,2024-03-20,61.0
2024-01-19,2024,53,530010,F,5,4,nan,2009,1,1,1,2,1,1,2,2,2,nan,10,2,nan,nan,,2024-03-18,59.0
2024-01-19,2024,53,530010,M,6,4,9,1984,1,1,1,2,2,1,2,2,2,2,10,2,nan,9,,2024-03-20,61.0
2024-01-19,2024,53,530010,M,6,4,nan,1975,nan,nan,nan,nan,nan,nan,nan,nan,nan,nan,8,nan,nan,nan,,2024-03-20,61.0
2024-01-19,2024,53,530010,M,6,4,10,2022,1,1,2,1,2,2,2,2,2,1,10,2,3,nan,,2024-03-18,59.0
2024-01-19,2024,53,530010,F,5,1,nan,2000,1,1,1,2,1,1,2,2,2,nan,10,2,nan,1,,2024-03-20,61.0
2024-01-19,2024,53,530010,F,5,2,9,1981,1,1,1,2,2,2,2,2,2,nan,10,2,nan,nan,,2024-02-16,28.0
2024-01-19,2024,53,530010,F,9,4,9,1985,2,1,1,2,1,2,2,2,2,2,10,1,3,9,,2024-01-19,0.0
2024-01-19,2024,53,530010,M,6,4,nan,1967,1,1,1,2,2,2,1,1,1,2,10,1,1,9,,2024-01-20,1.0
2024-01-19,2024,53,530010,F,9,9,9,1981,1,1,1,2,2,1,2,2,2,2,10,2,3,nan,,2024-03-18,59.0
2024-01-19,2024,53,530010,M,6,4,9,1994,2,1,2,2,1,2,1,2,2,9,10,1,nan,9,,2024-01-19,0.0
2024-01-19,2024,53,530010,M,6,4,10,2018,1,1,1,2,1,2,2,2,2,nan,10,2,nan,nan,,2024-03-18,59.0
2024-01-19,2024,53,530010,F,5,4,nan,1914,2,1,1,2,1,1,2,2,2,nan,8,nan,nan,nan,,2024-03-20,61.0
2024-01-19,2024,53,530010,F,5,4,9,1965,1,1,1,2,1,1,2,2,2,nan,8,nan,nan,nan,,2024-03-20,61.0
2024-01-19,2024,53,530010,M,6,4,nan,1997,1,1,1,1,1,1,1,2,2,2,10,1,1,1,,2024-01-19,0.0
2024-01-19,2024,53,530010,M,6,4,10,2016,1,1,1,2,2,2,1,2,2,nan,10,1,nan,nan,,2024-03-18,59.0
2024-01-19,2024,53,530010,F,5,4,3,1991,1,1,1,2,2,1,1,2,2,2,10,2,1,1,,2024-03-31,72.0
2024-01-19,2024,53,530010,M,6,4,4,1975,1,1,2,2,2,2,2,1,2,nan,8,nan,nan,nan,,2024-03-20,61.0
2024-01-19,2024,53,530010,F,5,4,9,1959,1,1,1,2,1,1,2,2,2,nan,8,nan,nan,nan,,2024-03-20,61.0
2024-01-19,2024,53,530010,F,5,1,6,1998,1,1,1,2,1,1,2,2,2,nan,8,nan,nan,nan,,2024-03-20,61.0
2024-01-19,2024,53,530010,M,6,4,6,1978,1,1,1,2,2,2,1,2,1,2,10,2,1,nan,,2024-01-19,0.0
2024-01-19,2024,53,530010,M,6,4,nan,1981,nan,nan,nan,nan,nan,nan,nan,nan,nan,nan,8,nan,nan,nan,,2024-03-20,61.0
2024-01-19,2024,53,530010,F,6,4,10,2016,1,1,1,2,2,1,2,2,2,nan,8,nan,nan,nan,,2024-03-20,61.0
2024-01-19,2024,53,530010,F,5,4,4,1980,1,1,1,2,1,1,2,2,1,nan,10,2,nan,nan,,2024-03-18,59.0
2024-01-19,2024,53,530010,M,6,4,9,2014,1,1,1,2,1,2,2,2,2,1,8,nan,3,nan,,2024-03-20,61.0
2024-01-19,2024,53,530010,F,5,4,6,1970,nan,nan,nan,nan,nan,nan,nan,nan,nan,nan,8,nan,nan,nan,,2024-03-20,61.0
2024-01-19,2024,53,530010,F,5,1,9,1997,1,1,1,2,2,2,2,2,2,2,10,2,nan,1,,2024-03-06,47.0
2024-01-19,2024,53,530010,F,9,3,nan,2009,1,1,2,2,2,1,2,2,2,2,10,1,1,9,,2024-01-21,2.0
2024-01-19,2024,53,530010,F,9,4,nan,1980,1,1,1,2,2,2,2,2,1,nan,10,2,nan,nan,,2024-02-16,28.0
2024-01-19,2024,53,530010,F,5,4,6,1986,1,1,1,2,2,1,2,2,2,nan,8,nan,2,nan,,2024-03-20,61.0
2024-01-19,2024,53,530010,F,5,3,nan,2001,1,1,1,2,2,1,1,2,2,nan,10,1,nan,nan,,2024-02-23,35.0
2024-01-19,2024,53,530010,M,6,2,6,1978,1,1,1,2,2,2,2,2,2,nan,10,1,nan,nan,,2024-03-18,59.0
2024-01-19,2024,53,530010,M,6,9,9,1968,1,1,2,2,2,2,2,2,2,1,11,1,3,nan,,2024-01-25,6.0
2024-01-19,2024,52,520110,M,6,4,1,1949,1,1,2,2,2,1,2,2,2,2,10,1,1,1,,2024-01-25,6.0
2024-01-19,2024,53,530010,F,5,4,4,1984,1,1,1,2,1,1,2,2,2,nan,10,1,1,1,,2024-03-14,55.0
2024-01-19,2024,53,530010,M,6,4,4,1959,2,1,1,2,1,1,2,2,2,2,10,2,1,1,,2024-02-14,26.0
2024-01-19,2024,53,530010,M,6,4,9,2006,1,1,1,2,2,1,1,2,2,nan,10,1,nan,nan,,2024-03-18,59.0
2024-01-19,2024,53,530010,M,6,4,4,2009,1,1,1,2,2,2,2,2,2,nan,10,2,1,9,,2024-01-30,11.0
2024-01-19,2024,53,530010,F,6,1,10,2016,1,1,1,2,2,2,2,2,2,2,10,1,1,nan,,2024-03-18,59.0
2024-01-19,2024,53,530010,F,5,4,nan,1985,1,1,1,2,2,1,2,2,2,nan,10,1,nan,nan,,2024-03-13,54.0
2024-01-19,2024,53,530010,F,9,4,9,1980,1,1,1,2,2,2,2,2,2,2,10,2,3,1,,2024-01-19,0.0
2024-01-19,2024,53,530010,M,6,4,nan,1977,1,1,1,2,1,2,2,2,2,nan,10,2,1,nan,,2024-01-19,0.0
2024-01-19,2024,53,530010,M,6,4,9,2002,1,1,1,2,2,2,2,2,2,nan,8,nan,nan,nan,,2024-03-20,61.0
2024-01-19,2024,53,530010,M,6,4,5,1997,1,1,2,2,2,2,2,2,2,nan,10,1,nan,1,,2024-03-05,46.0
2024-01-19,2024,53,530010,F,5,4,9,1989,1,1,1,2,2,2,1,2,2,nan,8,nan,nan,nan,,2024-03-20,61.0
2024-01-19,2024,53,530010,F,5,4,nan,1986,2,1,1,2,2,1,2,2,2,nan,10,1,nan,nan,,2024-02-19,31.0
2024-01-19,2024,53,530010,M,6,4,nan,1968,nan,nan,nan,nan,nan,nan,nan,nan,nan,nan,8,nan,nan,nan,,2024-03-20,61.0
2024-01-19,2024,53,530010,F,5,4,nan,1965,2,1,1,2,2,2,2,2,2,nan,10,1,nan,1,,2024-01-19,0.0
2024-01-19,2024,53,530010,M,6,4,1,1950,1,1,1,2,2,2,2,2,2,nan,10,2,nan,1,,2024-02-20,32.0
2024-01-19,2024,53,530010,M,6,1,2,1967,1,2,2,2,2,2,1,2,2,nan,10,1,nan,nan,,2024-02-22,34.0
2024-01-19,2024,53,530010,M,6,4,10,2016,1,1,1,2,2,1,2,2,2,nan,8,nan,nan,nan,,2024-03-20,61.0
2024-01-19,2024,53,530010,F,5,4,nan,1994,1,1,1,2,2,2,2,2,2,nan,8,nan,nan,nan,,2024-03-20,61.0
2024-01-19,2024,53,530010,F,5,4,nan,1982,1,2,1,2,2,2,2,2,2,nan,10,1,nan,1,,2024-01-19,0.0
2024-01-19,2024,53,530010,F,5,4,4,1992,1,1,1,2,2,1,1,2,2,2,10,1,1,1,,2024-02-20,32.0
2024-01-19,2024,53,530010,M,6,1,9,1994,1,1,1,2,2,1,2,2,2,nan,10,1,nan,1,,2024-02-16,28.0
2024-01-19,2024,53,530010,M,6,4,nan,1982,1,1,2,2,2,2,2,2,2,nan,10,1,nan,1,,2024-01-19,0.0
2024-01-19,2024,53,530010,M,6,4,nan,1984,1,1,1,2,1,1,2,2,2,nan,8,nan,nan,nan,,2024-03-20,61.0
2024-01-19,2024,53,530010,F,6,1,1,2015,1,1,1,2,1,1,2,2,2,2,10,2,1,1,,2024-02-19,31.0
2024-01-19,2024,53,530010,M,6,1,9,2000,1,1,1,2,2,1,2,2,2,2,10,1,1,1,,2024-01-24,5.0
2024-01-19,2024,53,530010,F,9,9,nan,2009,1,1,1,2,2,1,1,2,2,1,11,3,3,9,,,
2024-01-19,2024,53,530010,F,2,4,9,2002,1,1,2,2,1,2,2,2,2,nan,10,1,1,1,,2024-01-22,3.0
2024-01-19,2024,53,530010,F,9,4,9,1970,1,1,1,2,2,2,2,1,1,2,10,1,3,9,,2024-01-19,0.0
2024-01-19,2024,53,530010,F,5,1,3,2010,1,2,2,2,2,2,2,2,2,1,11,2,1,1,,2024-05-04,106.0
2024-01-19,2024,53,530010,M,6,1,9,2002,nan,nan,nan,nan,nan,nan,nan,nan,nan,nan,8,nan,nan,nan,,2024-03-20,61.0
2024-01-19,2024,53,530010,F,5,4,9,1982,1,1,2,2,2,2,1,2,2,2,10,2,1,1,,2024-03-06,47.0
2024-01-19,2024,53,530010,M,6,1,3,2010,1,2,1,2,2,2,2,2,2,2,10,2,1,1,,2024-01-26,7.0
2024-01-19,2024,53,530010,F,6,1,6,1953,1,1,1,2,1,1,1,1,1,2,10,2,1,1,,2024-01-19,0.0
2024-01-19,2024,53,530010,F,9,4,9,1955,2,1,1,2,1,1,2,2,2,nan,8,nan,nan,nan,,2024-03-20,61.0
2024-01-19,2024,53,530010,M,6,4,nan,1997,1,1,1,2,2,2,1,2,2,2,10,1,1,9,,2024-01-21,2.0
2024-01-19,2024,53,530010,M,6,4,6,1997,1,1,1,2,1,2,1,2,2,2,10,2,1,1,,2024-02-29,41.0
2024-01-19,2024,53,530010,M,6,9,nan,1976,2,2,2,2,2,2,2,2,2,1,11,1,nan,1,,2024-05-27,129.0
2024-01-19,2024,53,530010,F,5,9,9,1976,1,1,1,2,1,2,2,2,2,2,10,2,1,1,,2024-02-19,31.0
2024-01-19,2024,53,530010,F,2,4,9,1979,1,1,1,1,1,2,2,1,2,2,10,1,1,1,,2024-02-14,26.0
2024-01-19,2024,53,530010,M,6,1,9,2012,1,1,1,2,2,2,2,2,2,nan,10,1,nan,nan,,2024-01-19,0.0
2024-01-19,2024,53,530010,M,6,9,nan,1991,1,2,1,2,2,2,2,2,2,nan,10,1,1,nan,,2024-03-20,61.0
2024-01-19,2024,53,530010,M,6,4,9,2003,1,1,1,2,1,1,2,2,2,2,10,2,3,9,,2024-01-19,0.0
2024-01-19,2024,53,530010,M,6,1,5,2007,1,1,1,2,2,1,2,2,2,nan,10,1,nan,1,,2024-01-22,3.0
2024-01-19,2024,53,530010,M,6,4,nan,1994,1,1,2,2,2,2,2,2,2,nan,10,1,nan,1,,2024-03-20,61.0
2024-01-19,2024,53,530010,F,5,1,9,1949,1,1,2,2,2,2,2,2,1,2,8,nan,nan,nan,,2024-03-20,61.0
2024-01-19,2024,53,530010,F,6,9,nan,1925,1,1,1,2,2,2,2,1,1,1,10,2,3,9,,2024-01-24,5.0
2024-01-19,2024,53,530010,M,6,4,1,1961,1,2,1,2,2,2,2,1,1,2,10,1,nan,1,,2024-03-20,61.0
2024-01-19,2024,53,530010,M,6,3,nan,1952,1,1,1,2,2,2,2,2,2,2,8,nan,nan,nan,,2024-03-20,61.0
2024-01-19,2024,17,170210,M,6,4,10,2020,1,2,1,2,1,2,2,2,2,nan,10,2,nan,nan,,2024-03-13,54.0
2024-01-19,2024,53,530010,F,6,4,8,1986,1,1,1,2,1,1,2,2,2,nan,10,1,nan,nan,,2024-02-23,35.0
2024-01-19,2024,53,530010,F,9,4,9,2003,2,1,1,2,2,2,2,2,2,2,10,2,3,1,,2024-01-19,0.0
2024-01-19,2024,53,530010,F,5,4,nan,1948,1,1,1,2,2,2,2,2,2,nan,8,nan,nan,nan,,2024-03-20,61.0
2024-01-19,2024,53,530010,F,9,2,nan,1973,2,2,1,1,2,1,2,2,2,nan,10,1,1,nan,,2024-03-20,61.0
2024-01-19,2024,53,530010,F,5,4,3,1992,1,1,1,2,2,2,1,2,2,nan,10,2,1,1,,2024-01-25,6.0
2024-01-19,2024,53,530010,F,9,4,9,1935,1,2,2,2,2,2,2,2,1,1,11,1,3,9,,2024-01-19,0.0
2024-01-19,2024,53,530010,F,5,4,nan,1997,2,1,1,2,1,2,2,2,2,nan,8,nan,nan,nan,,2024-03-20,61.0
2024-01-19,2024,53,530010,F,6,4,nan,2014,1,2,1,2,1,1,2,2,2,nan,8,nan,nan,nan,,2024-03-20,61.0
2024-01-19,2024,53,530010,M,6,4,nan,1964,1,1,1,1,2,1,2,2,2,nan,10,1,nan,nan,,2024-02-10,22.0
2024-01-19,2024,53,530010,F,5,2,9,2007,nan,nan,nan,nan,nan,nan,nan,nan,nan,nan,8,nan,nan,nan,,2024-03-20,61.0
2024-01-19,2024,53,530010,M,6,1,nan,1943,2,1,2,2,2,2,2,2,2,nan,10,1,nan,nan,,2024-02-23,35.0
2024-01-19,2024,53,530010,F,5,9,9,1978,nan,nan,nan,nan,nan,nan,nan,nan,nan,nan,8,nan,nan,nan,,2024-03-20,61.0
2024-01-19,2024,53,530010,F,9,1,9,2002,1,1,1,2,2,1,1,2,2,9,10,2,3,1,,2024-01-25,6.0
2024-01-19,2024,53,530010,M,6,4,6,2004,1,2,1,2,2,1,2,2,2,nan,10,1,nan,nan,,2024-03-02,43.0
2024-01-19,2024,53,530010,F,9,1,nan,1972,1,1,1,2,2,2,2,2,2,2,10,1,1,9,,2024-01-21,2.0
2024-01-19,2024,53,530010,M,6,4,6,1994,1,1,1,2,1,2,2,1,1,nan,10,2,nan,1,,2024-03-20,61.0
2024-01-19,2024,53,530010,F,5,9,nan,1991,1,1,1,2,1,1,2,2,2,1,11,1,nan,1,,2024-01-19,0.0
2024-01-19,2024,53,530010,M,6,4,3,2011,1,2,2,2,2,2,2,2,2,nan,10,2,nan,1,,2024-04-22,94.0
2024-01-19,2024,53,530010,F,5,4,9,2006,1,1,1,2,2,2,2,2,2,nan,10,1,1,1,,2024-01-19,0.0
2024-01-19,2024,53,530010,M,6,9,nan,1977,1,1,1,2,1,1,2,2,2,1,11,3,nan,1,,,
2024-01-19,2024,53,530010,F,5,1,5,2006,1,1,1,2,1,1,2,2,2,2,10,2,nan,9,,2024-03-20,61.0
2024-01-19,2024,53,530010,M,6,4,9,1978,1,1,1,2,2,2,2,2,2,nan,10,1,nan,nan,,2024-03-18,59.0
2024-01-19,2024,53,530010,M,6,4,6,1977,1,2,1,2,2,2,2,2,2,nan,8,nan,nan,nan,,2024-03-20,61.0
2024-01-19,2024,53,530010,M,6,4,nan,2014,1,1,1,2,2,1,2,2,2,nan,10,1,nan,1,,2024-02-23,35.0
2024-01-19,2024,53,530010,F,5,3,nan,1979,nan,nan,nan,nan,nan,nan,nan,nan,nan,nan,8,nan,nan,nan,,2024-03-20,61.0
2024-01-19,2024,53,530010,F,6,4,9,1985,1,1,1,2,2,1,1,2,2,nan,10,1,nan,nan,,2024-03-18,59.0
2024-01-19,2024,53,530010,F,5,4,nan,1969,1,1,1,1,2,1,1,2,2,2,10,2,2,1,,2024-01-25,6.0
2024-01-19,2024,53,530010,M,6,4,nan,1991,1,1,1,2,2,2,2,2,2,nan,8,nan,nan,nan,,2024-03-20,61.0
2024-01-19,2024,53,530010,M,6,1,9,1998,1,1,2,2,1,1,1,2,2,9,10,1,nan,9,,2024-01-19,0.0
2024-01-19,2024,53,530010,M,6,1,9,1993,1,1,2,2,2,2,1,2,2,2,10,1,nan,9,,2024-01-19,0.0
2024-01-19,2024,53,530010,F,5,4,nan,2010,1,1,1,1,2,2,1,2,2,nan,8,nan,nan,nan,,2024-03-20,61.0
2024-01-19,2024,53,530010,F,9,1,9,1980,1,1,1,2,2,2,1,2,1,9,10,1,nan,9,,2024-01-19,0.0
2024-01-19,2024,53,530010,F,5,4,nan,1953,2,1,2,2,2,1,2,2,2,nan,10,1,nan,1,,2024-01-19,0.0
2024-01-19,2024,53,530010,F,9,4,nan,2001,1,2,1,2,2,2,2,2,2,nan,8,nan,nan,nan,,2024-03-20,61.0
2024-01-19,2024,53,530010,F,5,4,3,2012,2,1,1,2,1,1,1,2,2,2,10,2,1,1,,2024-03-20,61.0
2024-01-19,2024,53,530010,F,6,1,nan,1977,1,1,1,1,2,1,2,2,2,2,10,1,1,1,,2024-02-09,21.0
2024-01-19,2024,53,530010,F,5,4,9,1970,1,1,1,2,2,1,2,2,2,nan,10,2,nan,9,,2024-03-04,45.0
2024-01-19,2024,53,530010,M,6,9,9,1981,1,1,1,2,2,1,2,2,2,nan,8,nan,nan,nan,,2024-03-20,61.0
2024-01-19,2024,53,530010,M,6,4,nan,2010,1,2,1,2,2,1,1,2,2,2,10,1,1,nan,,2024-03-19,60.0
2024-01-19,2024,53,530010,F,5,9,9,1990,1,1,1,2,2,1,2,2,2,nan,10,2,nan,nan,,2024-01-20,1.0
2024-01-19,2024,53,530010,F,5,4,6,1999,1,1,1,1,2,1,2,2,2,2,10,1,1,1,,2024-01-25,6.0
2024-01-19,2024,53,530010,F,5,4,9,1967,1,1,1,2,1,1,2,1,1,nan,8,nan,nan,nan,,2024-03-20,61.0
2024-01-19,2024,53,530010,F,5,4,nan,1961,1,1,1,2,1,1,1,2,2,nan,10,1,1,nan,,2024-01-31,12.0
2024-01-19,2024,53,530010,F,5,1,nan,1998,1,1,1,2,2,1,1,2,2,nan,10,2,nan,1,,2024-02-05,17.0
2024-01-19,2024,53,530010,F,9,1,nan,1987,2,1,1,2,2,1,2,2,2,2,8,nan,nan,nan,,2024-03-20,61.0
2024-01-19,2024,53,530010,M,6,1,10,2023,nan,nan,nan,nan,nan,nan,nan,nan,nan,nan,8,nan,nan,nan,,2024-03-20,61.0
2024-01-19,2024,53,530010,F,5,4,3,2012,2,2,2,2,2,1,2,2,2,nan,10,2,1,9,,2024-01-30,11.0
2024-01-19,2024,53,530010,F,9,4,9,1995,1,1,1,2,2,2,1,2,2,9,10,1,nan,9,,2024-01-19,0.0
2024-01-19,2024,53,530010,M,6,4,nan,1942,1,1,1,2,2,2,2,2,2,nan,10,1,nan,1,,2024-01-19,0.0
2024-01-19,2024,53,530010,F,5,4,9,2007,1,1,1,2,2,2,2,2,2,nan,8,nan,nan,nan,,2024-03-20,61.0
2024-01-19,2024,53,530010,F,5,4,9,1966,1,1,2,2,2,1,2,1,1,nan,10,2,nan,nan,,2024-04-19,91.0
2024-01-19,2024,53,530010,M,6,4,7,1990,1,1,2,2,2,2,2,2,2,2,10,2,1,nan,,2024-03-20,61.0
2024-01-19,2024,53,530010,F,5,1,9,1983,1,1,1,2,2,2,2,2,2,2,8,nan,nan,nan,,2024-03-20,61.0
2024-01-19,2024,53,530010,F,5,4,7,1991,1,1,1,2,2,1,1,2,2,nan,10,2,nan,nan,,2024-01-20,1.0
2024-01-19,2024,53,530010,M,6,4,0,1938,1,1,1,2,1,1,2,2,2,2,10,2,1,1,,2024-02-19,31.0
2024-01-19,2024,53,530010,M,6,1,9,1950,1,1,1,2,2,2,2,2,2,nan,8,nan,nan,nan,,2024-03-20,61.0
2024-01-19,2024,53,530010,F,5,4,3,1981,1,1,1,2,1,2,2,2,2,nan,10,1,nan,1,,2024-03-20,61.0
2024-01-19,2024,53,530010,F,5,1,6,1973,1,1,1,2,2,2,1,2,2,nan,10,2,nan,1,,2024-03-20,61.0
2024-01-19,2024,53,530010,F,5,4,9,1977,1,1,1,2,2,2,2,2,1,nan,10,2,1,nan,,2024-01-19,0.0
2024-01-19,2024,53,530010,M,6,4,nan,2007,2,1,2,2,2,2,2,2,2,nan,10,1,nan,1,,2024-01-19,0.0
2024-01-19,2024,53,530010,F,5,4,9,2012,nan,nan,nan,nan,nan,nan,nan,nan,nan,nan,8,nan,nan,nan,,2024-03-20,61.0
2024-01-19,2024,53,530010,F,5,1,nan,2008,1,1,1,2,2,1,2,2,2,nan,10,1,nan,nan,,2024-02-16,28.0
2024-01-19,2024,53,530010,M,6,1,6,2002,1,1,1,2,2,2,2,2,2,nan,10,2,nan,nan,,2024-04-19,91.0
2024-01-19,2024,53,530010,M,6,4,9,2014,1,1,1,2,2,2,2,2,2,1,10,1,3,nan,,2024-01-20,1.0
2024-01-19,2024,53,530010,M,6,2,3,2011,1,1,1,2,2,2,1,2,2,nan,10,2,nan,nan,,2024-02-16,28.0
2024-01-19,2024,53,530010,M,6,4,nan,2013,1,1,1,2,2,2,2,2,2,1,11,1,1,nan,,2024-01-20,1.0
2024-01-19,2024,53,530010,M,6,2,7,1995,nan,nan,nan,nan,nan,nan,nan,nan,nan,nan,8,nan,nan,nan,,2024-03-20,61.0
2024-01-19,2024,53,530010,F,5,4,9,1964,1,1,1,2,2,2,2,1,1,1,8,nan,nan,nan,,2024-03-20,61.0
2024-01-19,2024,53,530010,M,6,9,nan,1987,1,1,1,2,2,2,2,2,2,nan,10,1,nan,1,,2024-01-24,5.0
2024-01-19,2024,53,530010,M,6,1,9,1934,1,1,1,2,2,1,2,2,2,2,10,2,1,1,,2024-01-25,6.0
2024-01-19,2024,53,530010,F,5,2,6,1980,1,1,1,1,2,1,1,2,2,2,10,2,1,1,,2024-01-25,6.0
2024-01-19,2024,53,530010,F,5,4,5,1986,2,1,2,2,2,1,2,2,2,nan,10,2,1,9,,2024-01-31,12.0
2024-01-19,2024,53,530010,F,5,1,8,1978,nan,nan,nan,nan,nan,nan,nan,nan,nan,nan,8,nan,nan,nan,,2024-03-20,61.0
2024-01-19,2024,53,530010,F,9,2,nan,1994,1,2,1,2,2,2,2,2,2,nan,10,1,nan,nan,,2024-03-02,43.0
2024-01-19,2024,53,530010,M,6,4,10,2021,1,2,2,2,1,2,2,2,2,2,10,1,3,1,,2024-01-29,10.0
2024-01-19,2024,53,530010,M,6,4,7,1998,1,1,1,2,2,1,2,2,2,2,10,1,1,1,,2024-01-30,11.0
2024-01-19,2024,53,530010,F,9,4,9,1971,1,1,1,2,1,1,1,2,2,nan,8,nan,nan,nan,,2024-03-20,61.0
2024-01-19,2024,53,530010,M,6,9,nan,1965,2,2,2,2,2,2,2,2,2,nan,10,1,nan,9,,2024-01-19,0.0
2024-01-19,2024,53,530010,F,9,4,nan,1951,1,1,1,2,1,1,1,2,2,nan,10,2,nan,nan,,2024-01-20,1.0
2024-01-19,2024,53,530010,M,6,4,nan,2010,1,1,1,2,2,1,2,2,2,nan,10,2,nan,1,,2024-06-26,159.0
2024-01-19,2024,53,530010,F,9,1,nan,1957,1,1,2,2,2,2,1,2,1,2,10,1,1,1,,2024-02-27,39.0
2024-01-19,2024,53,530010,M,6,4,nan,2010,1,1,2,2,2,1,2,2,2,nan,10,1,nan,nan,,2024-02-20,32.0
2024-01-19,2024,53,530010,F,5,4,9,2005,1,1,1,2,1,1,2,2,2,2,11,1,1,1,,2024-01-26,7.0
2024-01-19,2024,53,530010,M,6,4,nan,2001,1,2,1,2,2,2,2,2,2,nan,8,nan,nan,nan,,2024-03-20,61.0
2024-01-19,2024,53,530010,F,5,1,nan,1979,1,1,2,2,2,1,2,2,2,nan,10,1,nan,nan,,2024-01-22,3.0
2024-01-19,2024,53,530010,M,6,1,6,1969,1,1,1,2,2,2,1,2,2,2,10,1,1,1,,2024-02-01,13.0
2024-01-19,2024,53,530010,M,6,1,nan,2009,nan,nan,nan,nan,nan,nan,nan,nan,nan,nan,8,nan,nan,nan,,2024-03-20,61.0
2024-01-19,2024,53,530010,M,6,4,9,1997,2,1,1,2,2,1,1,2,2,2,10,1,nan,nan,,2024-01-22,3.0
2024-01-19,2024,53,530010,F,5,1,1,1948,1,1,2,2,1,1,2,1,1,nan,10,2,nan,nan,,2024-06-22,155.0
2024-01-19,2024,53,530010,F,6,1,9,1943,1,1,1,2,2,1,2,2,2,nan,11,1,nan,1,,2024-02-19,31.0
2024-01-19,2024,53,530010,M,6,4,nan,2013,1,1,1,2,2,2,2,2,2,nan,10,2,nan,1,,2024-06-26,159.0
2024-01-19,2024,53,530010,F,9,4,nan,1980,1,2,2,2,2,2,2,2,2,2,10,1,1,9,,2024-01-21,2.0
2024-01-19,2024,53,530010,F,5,4,8,1999,1,2,2,2,2,2,2,2,2,nan,10,2,nan,1,,2024-03-20,61.0
2024-01-19,2024,53,530010,F,5,4,nan,1997,1,1,1,2,2,2,2,2,2,nan,10,1,nan,1,,2024-01-19,0.0
2024-01-19,2024,53,530010,M,6,4,10,2017,1,1,1,1,2,2,2,2,2,nan,8,nan,nan,nan,,2024-03-20,61.0
2024-01-19,2024,53,530010,F,6,1,nan,1975,1,1,1,2,2,2,2,2,2,nan,8,nan,nan,nan,,2024-03-20,61.0
2024-01-19,2024,53,530010,F,9,4,nan,1981,1,1,2,2,2,1,1,2,2,2,10,1,1,9,,2024-01-21,2.0
2024-01-19,2024,53,530010,M,6,4,nan,1967,1,1,1,2,2,1,2,2,2,nan,10,1,nan,1,,2024-01-26,7.0
2024-01-19,2024,53,530010,F,5,4,9,1958,1,1,1,2,1,1,2,2,2,1,11,1,1,1,,2024-01-19,0.0
2024-01-19,2024,53,530010,F,5,4,nan,1984,1,1,1,2,2,2,2,2,2,1,11,1,1,1,,2024-01-25,6.0
2024-01-19,2024,53,530010,F,5,4,nan,2008,1,1,1,2,2,2,2,2,2,nan,10,1,nan,1,,2024-01-19,0.0
2024-01-19,2024,53,530010,M,6,4,9,2003,1,2,1,2,2,2,2,2,2,2,10,2,nan,nan,,2024-01-23,4.0
2024-01-19,2024,53,530010,F,6,4,10,2021,1,2,1,2,1,2,2,2,2,1,10,2,1,1,,2024-01-20,1.0
2024-01-19,2024,53,530010,M,6,4,nan,1954,1,1,1,2,2,1,1,2,2,1,11,1,nan,9,,2024-01-23,4.0
2024-01-19,2024,53,530010,F,9,4,0,1925,1,1,1,2,2,2,2,2,1,1,10,1,3,2,2024-01-13,2024-02-14,26.0
2024-01-19,2024,53,530010,F,6,4,3,1967,nan,nan,nan,nan,nan,nan,nan,nan,nan,nan,8,nan,nan,nan,,2024-03-20,61.0
2024-01-19,2024,53,530010,M,6,1,nan,1987,1,1,1,1,2,2,1,2,2,2,10,1,1,1,,2024-02-01,13.0
2024-01-19,2024,53,530010,F,9,4,nan,1957,1,2,2,2,2,1,1,1,1,2,10,1,1,9,,2024-01-21,2.0
2024-01-19,2024,53,530010,F,9,9,9,1986,nan,nan,nan,nan,nan,nan,nan,nan,nan,nan,8,nan,nan,nan,,2024-03-20,61.0
2024-01-19,2024,53,530010,M,6,4,10,2017,1,1,1,2,2,2,2,2,2,2,10,1,2,nan,,2024-02-19,31.0
2024-01-19,2024,53,530010,F,5,1,9,1973,1,1,2,2,1,2,2,2,2,nan,10,2,1,nan,,2024-01-19,0.0
2024-01-19,2024,53,530010,M,6,2,nan,1957,nan,nan,nan,nan,nan,nan,nan,nan,nan,nan,8,nan,nan,nan,,2024-03-20,61.0
2024-01-19,2024,52,521523,F,6,4,3,2011,1,1,1,2,1,1,2,2,2,2,10,1,1,1,,2024-01-22,3.0
2024-01-19,2024,53,530010,F,9,4,nan,1965,1,1,1,2,2,2,2,2,2,2,10,1,1,9,,2024-01-21,2.0
2024-01-19,2024,53,530010,M,6,4,nan,2012,nan,nan,nan,nan,nan,nan,nan,nan,nan,nan,8,nan,nan,nan,,2024-03-20,61.0
2024-01-19,2024,53,530010,F,5,1,6,1989,1,1,1,2,2,2,2,2,2,nan,10,2,nan,1,,2024-04-22,94.0
2024-01-19,2024,53,530010,M,6,1,3,2004,2,2,2,2,2,2,2,2,2,nan,10,1,nan,nan,,2024-01-29,10.0
2024-01-19,2024,53,530010,F,9,4,9,1956,1,1,1,2,2,2,2,2,2,2,10,2,3,1,,2024-01-19,0.0
2024-01-19,2024,53,530010,F,9,9,nan,1965,2,1,1,2,2,1,2,2,2,nan,8,nan,nan,nan,,2024-03-20,61.0
2024-01-19,2024,53,530010,M,6,4,nan,1967,nan,nan,nan,nan,nan,nan,nan,nan,nan,nan,8,nan,nan,nan,,2024-03-20,61.0
2024-01-19,2024,53,530010,M,6,1,nan,1962,1,1,1,2,2,1,2,2,2,nan,10,2,nan,1,,2024-01-26,7.0
2024-01-19,2024,53,530010,F,9,9,nan,1993,1,1,1,2,2,1,2,2,2,2,10,2,3,nan,,2024-01-20,1.0
2024-01-19,2024,53,530010,M,6,4,9,2006,2,2,1,2,2,1,2,2,2,nan,10,1,nan,nan,,2024-01-19,0.0
2024-01-19,2024,53,530010,F,9,4,nan,1969,1,1,1,2,2,2,2,2,2,nan,8,nan,nan,nan,,2024-03-20,61.0
2024-01-19,2024,53,530010,M,6,9,9,1958,1,1,1,2,2,2,2,2,1,nan,10,2,nan,1,,2024-03-01,42.0
2024-01-19,2024,53,530010,F,6,4,nan,1977,1,1,1,2,2,2,2,2,1,nan,10,2,1,nan,,2024-01-19,0.0
2024-01-19,2024,53,530010,F,5,9,9,1982,1,1,1,2,2,2,2,2,2,nan,10,2,nan,nan,,2024-02-20,32.0
2024-01-19,2024,53,530010,M,6,4,2,1960,1,1,1,2,2,1,2,2,2,2,10,1,1,nan,,2024-01-23,4.0
2024-01-19,2024,53,530010,M,6,4,10,2017,1,2,1,2,1,2,2,2,2,nan,10,2,1,1,,2024-04-06,78.0
2024-01-19,2024,53,530010,F,9,9,9,2008,nan,nan,nan,nan,nan,nan,nan,nan,nan,nan,8,nan,nan,nan,,2024-03-20,61.0
2024-01-19,2024,53,530010,F,5,1,6,1977,1,1,1,2,2,1,1,2,2,nan,10,1,nan,nan,,2024-02-10,22.0
2024-01-19,2024,53,530010,F,5,1,nan,1975,1,1,1,1,2,1,1,2,2,2,10,1,nan,1,,2024-01-29,10.0
2024-01-19,2024,53,530010,M,6,4,4,1996,1,1,1,2,2,2,2,2,2,nan,10,2,nan,1,,2024-02-17,29.0
2024-01-19,2024,53,530010,M,6,9,9,1991,1,1,1,2,2,2,1,2,2,2,10,2,3,9,,2024-01-19,0.0
2024-01-19,2024,53,530010,F,5,2,nan,1947,1,1,1,2,2,2,2,1,1,nan,10,2,nan,nan,,2024-01-20,1.0
2024-01-19,2024,53,530010,F,9,3,nan,1976,1,1,1,2,2,2,2,2,2,2,8,nan,nan,nan,,2024-03-20,61.0
2024-01-19,2024,52,522185,M,6,4,nan,2015,1,1,2,2,1,2,2,2,2,2,10,1,1,1,,2024-03-19,60.0
2024-01-19,2024,53,530010,F,9,1,nan,1956,2,2,2,2,2,1,2,2,2,2,10,1,1,9,,2024-01-21,2.0
2024-01-19,2024,53,530010,F,5,4,9,1983,1,1,1,2,2,1,2,2,2,nan,10,2,nan,1,,2024-04-13,85.0
2024-01-19,2024,53,530010,F,6,4,nan,2015,nan,nan,nan,nan,nan,nan,nan,nan,nan,nan,8,nan,nan,nan,,2024-03-20,61.0
2024-01-19,2024,53,530010,F,5,9,nan,1945,1,1,2,2,2,2,1,2,1,2,10,2,3,nan,,2024-01-20,1.0
2024-01-19,2024,53,530010,M,6,9,6,1968,1,1,2,2,2,2,2,2,2,nan,10,1,nan,nan,,2024-03-01,42.0
2024-01-19,2024,53,530010,F,5,4,9,1991,1,1,1,2,1,1,1,2,2,1,10,2,1,1,,2024-01-26,7.0
2024-01-19,2024,53,530010,F,5,4,9,2001,1,1,1,2,2,2,1,2,2,2,10,2,1,1,,2024-03-20,61.0
2024-01-19,2024,53,530010,M,6,4,10,2017,1,2,1,2,1,1,2,2,2,2,8,nan,nan,nan,,2024-03-20,61.0
2024-01-19,2024,53,530010,F,6,1,8,1986,nan,nan,nan,nan,nan,nan,nan,nan,nan,nan,8,nan,nan,nan,,2024-03-20,61.0
2024-01-19,2024,53,530010,F,9,4,9,1997,1,2,1,2,2,2,2,2,2,2,10,1,3,9,,2024-01-19,0.0
2024-01-19,2024,53,530010,F,9,4,nan,1997,2,2,2,2,2,1,2,2,2,nan,8,nan,nan,nan,,2024-03-20,61.0
2024-01-19,2024,53,530010,M,6,9,nan,2014,1,1,1,2,2,2,2,2,2,2,10,1,nan,1,,2024-01-19,0.0
2024-01-19,2024,53,530010,F,3,4,9,1993,1,1,1,2,2,1,2,2,2,2,10,1,3,1,,2024-01-29,10.0
2024-01-19,2024,53,530010,F,6,4,4,1954,2,2,2,2,2,2,2,2,2,nan,10,2,nan,nan,,2024-02-14,26.0
2024-01-19,2024,53,530010,M,6,4,6,1988,1,1,1,2,2,1,1,2,2,nan,10,2,nan,1,,2024-03-20,61.0
2024-01-19,2024,53,530010,F,9,4,nan,2000,1,2,1,2,2,2,2,2,2,nan,8,nan,nan,nan,,2024-03-20,61.0
2024-01-19,2024,53,530010,F,9,9,9,1962,1,1,1,2,1,1,2,2,2,1,11,3,3,nan,,,
2024-01-19,2024,53,530010,F,9,1,9,1985,1,1,1,2,1,1,2,2,2,nan,10,2,2,nan,,2024-01-20,1.0
2024-01-19,2024,53,530010,F,5,4,nan,2006,2,1,1,2,2,2,2,2,2,nan,10,2,nan,nan,,2024-01-20,1.0
2024-01-19,2024,53,530010,F,5,2,nan,1976,1,1,2,2,1,2,2,2,2,nan,10,1,1,nan,,2024-03-16,57.0
2024-01-19,2024,53,530010,F,5,4,9,1999,1,1,1,2,2,1,1,2,2,2,8,nan,nan,nan,,2024-03-20,61.0
2024-01-19,2024,53,530010,M,6,1,9,1981,1,1,1,2,1,1,2,2,2,nan,10,1,nan,1,,2024-02-29,41.0
2024-01-19,2024,53,530010,M,6,4,nan,1952,1,2,1,2,2,2,2,2,2,nan,8,nan,nan,nan,,2024-03-20,61.0
2024-01-19,2024,53,530010,F,9,9,9,1987,1,1,1,2,2,1,1,2,2,2,10,1,nan,1,,2024-01-19,0.0
2024-01-19,2024,53,530010,F,5,4,9,1974,1,1,1,2,1,1,2,1,2,nan,8,nan,nan,nan,,2024-03-20,61.0
2024-01-19,2024,53,530010,F,9,4,9,1979,2,2,2,2,2,2,2,2,2,9,10,1,nan,9,,2024-01-19,0.0
2024-01-19,2024,53,530010,F,5,2,nan,1976,1,1,1,2,2,2,2,2,2,nan,10,1,nan,1,,2024-01-19,0.0
2024-01-19,2024,53,530010,F,5,4,9,2008,1,1,1,2,2,1,1,2,2,nan,10,1,nan,9,,2024-02-16,28.0
2024-01-19,2024,53,530010,M,6,4,3,1953,1,1,1,1,2,2,1,2,2,2,10,2,2,1,,2024-02-20,32.0
2024-01-19,2024,53,530010,F,6,4,10,2019,1,1,1,2,2,2,2,2,2,2,10,1,1,1,,2024-01-26,7.0
2024-01-19,2024,53,530010,M,6,1,8,1979,1,1,1,2,2,1,2,2,2,nan,10,2,nan,9,,2024-03-04,45.0
2024-01-19,2024,53,530010,F,5,2,nan,1988,1,1,1,2,2,1,1,2,2,nan,10,1,nan,nan,,2024-03-16,57.0
2024-01-19,2024,53,530010,M,6,1,10,2017,1,1,1,2,1,1,2,2,2,2,10,2,3,1,,2024-03-13,54.0
2024-01-19,2024,53,530010,M,6,2,1,1951,1,1,1,2,2,2,2,2,2,nan,11,2,nan,1,,2024-02-01,13.0
2024-01-19,2024,53,530010,F,5,2,9,1977,1,1,1,1,1,1,2,2,2,nan,10,1,nan,nan,,2024-02-02,14.0
2024-01-19,2024,53,530010,F,5,4,3,2012,1,1,1,2,1,1,2,2,2,nan,10,1,nan,nan,,2024-02-21,33.0
2024-01-19,2024,53,530010,M,6,4,1,2014,1,1,1,2,1,1,2,2,2,nan,8,nan,nan,nan,,2024-03-20,61.0
2024-01-19,2024,53,530010,M,6,4,nan,1995,1,1,1,2,1,1,2,2,2,nan,10,1,nan,nan,,2024-03-15,56.0
2024-01-19,2024,53,530010,M,6,9,9,1987,1,1,1,2,2,1,2,2,2,2,8,nan,3,nan,,2024-03-20,61.0
2024-01-19,2024,53,530010,M,6,9,9,1945,1,1,1,2,2,2,2,2,2,nan,10,1,nan,nan,,2024-01-24,5.0
2024-01-19,2024,53,530010,F,5,4,9,1983,1,1,1,2,2,2,1,2,2,nan,10,2,nan,nan,,2024-01-20,1.0
2024-01-19,2024,53,530010,F,9,4,9,1972,1,1,1,2,2,1,2,2,1,2,10,1,nan,9,,2024-01-19,0.0
2024-01-19,2024,53,530010,F,9,4,nan,1989,1,1,1,2,2,2,1,2,2,2,10,1,1,9,,2024-01-21,2.0
2024-01-19,2024,53,530010,M,6,4,nan,1974,1,1,1,2,2,2,1,2,2,nan,10,1,nan,1,,2024-01-19,0.0
2024-01-19,2024,53,530010,F,9,4,nan,1940,1,1,1,2,2,2,2,2,2,2,10,1,1,9,,2024-01-21,2.0
2024-01-19,2024,53,530010,M,6,4,9,1973,1,1,1,2,2,2,2,2,2,2,8,nan,nan,nan,,2024-03-20,61.0
2024-01-19,2024,53,530010,M,6,4,9,1985,1,1,1,1,2,1,2,2,2,2,11,1,1,1,,2024-03-20,61.0
2024-01-19,2024,53,530010,M,6,9,9,1969,1,1,1,2,2,2,2,2,2,nan,10,1,nan,nan,,2024-01-24,5.0
2024-01-19,2024,53,530010,F,5,4,nan,2000,1,1,1,2,2,2,1,2,2,nan,10,2,nan,1,,2024-06-25,158.0
2024-01-19,2024,53,530010,M,6,4,9,1981,2,1,2,2,2,2,2,2,2,2,10,2,3,9,,2024-01-19,0.0
2024-01-19,2024,53,530010,F,9,4,9,1951,1,2,1,2,2,1,2,2,1,2,10,1,3,9,,2024-01-19,0.0
2024-01-19,2024,53,530010,M,6,4,10,2019,1,1,1,2,1,1,2,2,2,nan,10,1,1,nan,,2024-01-19,0.0
2024-01-19,2024,53,530010,F,5,2,nan,2006,1,1,1,2,1,1,2,2,2,2,10,1,1,1,,2024-01-19,0.0
2024-01-19,2024,53,530010,M,6,4,9,1965,1,1,1,2,2,1,2,2,1,nan,10,2,nan,1,,2024-04-13,85.0
2024-01-19,2024,53,530010,F,9,4,nan,2004,1,2,2,2,1,2,2,2,2,nan,8,nan,nan,nan,,2024-03-20,61.0
2024-01-19,2024,53,530010,F,5,1,3,1959,1,1,1,2,2,1,2,2,2,2,10,1,1,1,,2024-02-29,41.0
2024-01-19,2024,53,530010,F,5,4,nan,1969,1,1,1,2,2,2,2,2,2,nan,10,2,nan,1,,2024-04-13,85.0
2024-01-19,2024,53,530010,F,5,4,7,1974,1,1,1,2,2,1,1,2,1,1,10,2,1,1,,2024-02-14,26.0
2024-01-19,2024,53,530010,F,9,9,nan,2007,2,2,2,2,2,2,2,2,2,nan,10,1,nan,9,,2024-01-19,0.0
2024-01-19,2024,53,530010,F,6,9,10,2017,2,2,2,2,2,2,2,2,2,nan,10,1,nan,9,,2024-01-19,0.0
2024-01-19,2024,53,530010,M,6,2,8,1975,1,1,2,2,2,2,2,2,2,nan,10,2,nan,1,,2024-03-20,61.0
2024-01-19,2024,53,530010,F,9,4,nan,1945,1,1,1,2,2,2,1,2,1,2,10,1,1,9,,2024-01-21,2.0
2024-01-19,2024,53,530010,F,6,4,10,2018,1,1,1,2,2,2,2,2,2,nan,10,1,nan,1,,2024-01-26,7.0
2024-01-19,2024,53,530010,M,6,4,9,1995,1,1,1,2,1,1,2,2,2,nan,10,2,nan,nan,,2024-01-20,1.0
2024-01-19,2024,53,530010,M,6,4,9,1979,1,1,1,2,2,2,2,2,2,2,10,1,1,1,,2024-01-26,7.0
2024-01-19,2024,53,530010,F,5,4,nan,1979,1,1,1,2,1,1,1,2,2,nan,10,2,nan,1,,2024-03-20,61.0
2024-01-19,2024,53,530010,F,5,4,6,1981,1,1,1,2,2,1,2,2,2,nan,10,1,nan,nan,,2024-01-30,11.0
2024-01-19,2024,53,530010,F,6,4,6,2006,nan,nan,nan,nan,nan,nan,nan,nan,nan,nan,8,nan,nan,nan,,2024-03-20,61.0
2024-01-19,2024,53,530010,F,5,9,9,2007,1,1,1,1,2,1,2,2,2,nan,10,2,nan,nan,,2024-01-20,1.0
2024-01-19,2024,53,530010,M,6,4,3,1976,1,1,1,2,2,2,1,2,2,nan,10,2,nan,1,,2024-02-20,32.0
2024-01-19,2024,53,530010,M,6,4,nan,2003,nan,nan,nan,nan,nan,nan,nan,nan,nan,nan,8,nan,nan,nan,,2024-03-20,61.0
2024-01-19,2024,53,530010,F,5,4,9,2003,1,1,1,2,2,2,2,2,2,nan,8,nan,nan,nan,,2024-03-20,61.0
2024-01-19,2024,53,530010,F,5,4,9,1970,1,1,1,2,2,2,2,2,2,nan,8,nan,nan,nan,,2024-03-20,61.0
2024-01-19,2024,53,530010,M,6,4,nan,1993,1,1,1,2,2,1,2,2,2,2,10,1,1,1,,2024-02-14,26.0
2024-01-19,2024,53,530010,F,9,1,nan,2000,2,1,1,2,2,1,2,2,2,2,8,nan,nan,nan,,2024-03-20,61.0
2024-01-19,2024,53,530010,F,5,4,nan,1965,1,1,2,2,2,2,2,2,2,nan,8,nan,nan,nan,,2024-03-20,61.0
2024-01-19,2024,53,530010,F,5,1,9,1971,1,1,1,2,2,2,2,2,2,2,10,1,1,1,,2024-03-20,61.0
2024-01-19,2024,53,530010,F,9,4,9,2004,1,1,1,2,2,2,2,2,2,9,10,1,nan,9,,2024-01-19,0.0
2024-01-19,2024,53,530010,M,6,4,nan,2009,1,1,1,2,1,1,2,2,2,nan,10,2,nan,1,,2024-06-24,157.0
2024-01-19,2024,53,530010,F,5,4,0,1972,nan,nan,nan,nan,nan,nan,nan,nan,nan,nan,8,nan,nan,nan,,2024-03-20,61.0
2024-01-19,2024,53,530010,M,6,4,9,2001,1,1,1,2,2,2,2,2,2,nan,8,nan,nan,nan,,2024-03-20,61.0
2024-01-19,2024,53,530010,M,6,4,6,1991,1,1,1,2,1,1,1,2,2,nan,10,2,nan,nan,,2024-01-20,1.0
2024-01-19,2024,53,530010,M,6,4,9,1957,nan,nan,nan,nan,nan,nan,nan,nan,nan,nan,8,nan,nan,nan,,2024-03-20,61.0
2024-01-19,2024,53,530010,M,6,1,1,2015,1,1,1,2,2,2,2,2,2,nan,10,1,nan,nan,,2024-02-08,20.0
2024-01-19,2024,53,530010,F,5,4,9,1981,1,2,1,2,2,2,2,2,2,nan,10,1,nan,nan,,2024-02-22,34.0
2024-01-19,2024,53,530010,F,5,4,4,1981,1,1,1,2,2,2,2,2,2,nan,10,2,1,9,,2024-01-30,11.0
2024-01-19,2024,53,530010,M,6,2,nan,2012,nan,nan,nan,nan,nan,nan,nan,nan,nan,nan,8,nan,nan,nan,,2024-03-20,61.0
2024-01-19,2024,53,530010,F,5,4,nan,1978,1,1,1,2,1,1,2,2,2,nan,10,1,nan,1,,2024-01-26,7.0
2024-01-19,2024,53,530010,M,6,4,9,2010,1,2,1,2,2,2,2,2,2,2,10,1,1,1,,2024-01-19,0.0
2024-01-19,2024,53,530010,F,5,9,9,1984,1,1,1,2,2,2,2,2,2,nan,10,2,nan,nan,,2024-01-20,1.0
2024-01-19,2024,53,530010,M,6,4,9,2014,1,2,2,2,1,2,2,2,2,nan,8,nan,nan,nan,,2024-03-20,61.0
2024-01-19,2024,53,530010,M,6,9,10,2020,1,1,1,2,2,2,2,2,2,2,10,1,1,9,,2024-01-22,3.0
2024-01-19,2024,53,530010,F,6,9,9,1976,nan,nan,nan,nan,nan,nan,nan,nan,nan,nan,8,nan,nan,nan,,2024-03-20,61.0
2024-01-19,2024,53,530010,M,6,9,nan,1966,1,1,1,2,1,2,2,2,2,1,11,2,nan,1,,2024-06-10,143.0
2024-01-19,2024,53,530010,F,6,9,10,2019,1,1,2,2,1,1,2,2,2,nan,10,2,1,1,,2024-03-20,61.0
2024-01-19,2024,53,530010,F,5,4,9,1984,1,1,1,2,1,1,2,2,2,nan,8,nan,nan,nan,,2024-03-20,61.0
2024-01-19,2024,53,530010,M,6,4,nan,nan,1,1,1,2,2,2,2,2,2,nan,10,1,nan,nan,,2024-01-22,3.0
2024-01-19,2024,53,530010,M,6,4,nan,1985,1,1,1,2,2,2,2,2,2,2,10,1,1,1,,2024-02-09,21.0
2024-01-19,2024,53,530010,F,9,1,nan,1963,2,2,1,2,2,2,2,2,2,2,8,nan,nan,nan,,2024-03-20,61.0
2024-01-19,2024,53,530010,F,5,4,9,1992,2,1,1,2,2,2,2,2,2,2,10,1,nan,9,,2024-03-20,61.0
2024-01-19,2024,53,530010,F,6,4,nan,2014,1,1,1,2,2,2,2,2,2,nan,10,1,nan,1,,2024-03-01,42.0
2024-01-19,2024,53,530010,F,5,4,8,1959,1,1,1,2,2,1,1,2,2,2,10,1,1,1,,2024-02-08,20.0
2024-01-19,2024,53,530010,F,5,4,9,1959,1,2,1,2,2,2,2,2,2,2,10,1,3,nan,,2024-01-19,0.0
2024-01-19,2024,53,530010,F,5,1,nan,1988,1,2,1,2,2,2,2,2,2,1,11,2,1,1,,2024-05-18,120.0
2024-01-19,2024,53,530010,F,5,4,nan,1934,2,1,2,1,2,2,2,2,2,nan,8,nan,nan,nan,,2024-03-20,61.0
2024-01-19,2024,53,530010,M,6,1,nan,1989,nan,nan,nan,nan,nan,nan,nan,nan,nan,nan,8,nan,nan,nan,,2024-03-20,61.0
2024-01-19,2024,53,530010,M,6,1,9,1980,1,1,1,2,2,1,1,2,2,2,10,2,1,1,,2024-01-24,5.0
2024-01-19,2024,53,530010,F,5,4,9,2002,nan,nan,nan,nan,nan,nan,nan,nan,nan,nan,8,nan,nan,nan,,2024-03-20,61.0
2024-01-19,2024,53,530010,M,6,4,9,1991,1,1,1,2,1,1,2,2,2,nan,8,nan,nan,nan,,2024-03-20,61.0
2024-01-19,2024,53,530010,F,5,4,9,2005,1,1,1,2,1,1,2,2,2,nan,8,nan,nan,nan,,2024-03-20,61.0
2024-01-19,2024,53,530010,F,9,4,nan,1978,1,1,1,2,2,2,2,2,2,nan,10,1,3,9,,2024-01-19,0.0
2024-01-19,2024,53,530010,M,6,4,6,2002,nan,nan,nan,nan,nan,nan,nan,nan,nan,nan,8,nan,nan,nan,,2024-03-20,61.0
2024-01-19,2024,53,530010,M,6,2,1,1975,1,1,1,2,1,1,2,2,2,2,10,1,1,1,,2024-01-29,10.0
2024-01-19,2024,53,530010,F,5,2,nan,1975,1,1,1,2,2,1,2,2,2,nan,10,1,nan,nan,,2024-02-22,34.0
2024-01-19,2024,53,530010,F,6,1,10,2021,1,1,1,2,2,1,2,2,2,2,10,2,1,1,,2024-01-19,0.0
2024-01-19,2024,53,530010,M,6,4,nan,1972,1,1,2,2,1,1,2,2,2,nan,8,nan,nan,nan,,2024-03-20,61.0
2024-01-19,2024,53,530010,M,6,2,6,1981,2,1,1,2,2,1,2,2,1,nan,10,2,nan,nan,,2024-01-20,1.0
2024-01-19,2024,53,530010,M,6,1,8,1974,nan,nan,nan,nan,nan,nan,nan,nan,nan,nan,8,nan,nan,nan,,2024-03-20,61.0
2024-01-19,2024,53,530010,F,5,4,9,2003,1,1,2,2,2,2,2,2,2,nan,10,1,1,nan,,2024-02-29,41.0
2024-01-19,2024,53,530010,F,5,9,nan,1987,1,1,1,2,2,2,2,2,2,2,10,1,nan,1,,2024-01-19,0.0
2024-01-19,2024,33,330070,M,6,4,9,1964,1,1,1,2,2,1,2,2,1,nan,10,1,nan,1,,2024-01-30,11.0
2024-01-19,2024,53,530010,F,5,9,nan,2004,1,1,1,2,2,2,2,2,2,nan,10,1,1,nan,,2024-01-19,0.0
2024-01-19,2024,53,530010,F,5,4,nan,1979,1,1,1,2,2,1,1,2,2,nan,8,nan,nan,nan,,2024-03-20,61.0
2024-01-19,2024,53,530010,F,5,4,nan,1965,1,1,1,2,2,1,2,2,2,nan,10,1,nan,1,,2024-02-28,40.0
2024-01-19,2024,53,530010,M,6,1,7,2004,1,1,1,2,2,2,1,2,2,nan,10,1,nan,nan,,2024-03-02,43.0
2024-01-19,2024,53,530010,F,9,9,9,2009,1,1,1,2,2,2,2,2,2,nan,10,1,nan,nan,,2024-01-24,5.0
2024-01-19,2024,53,530010,F,5,1,8,1988,1,1,2,2,1,2,1,2,2,2,10,1,1,1,,2024-02-29,41.0
2024-01-19,2024,53,530010,M,6,9,9,1953,1,1,1,2,2,2,2,2,2,nan,10,1,nan,nan,,2024-01-24,5.0
2024-01-19,2024,53,530010,M,6,9,9,1967,1,1,2,2,2,2,1,2,1,2,10,1,nan,1,,2024-01-19,0.0
2024-01-19,2024,53,530010,F,5,1,9,1961,nan,nan,nan,nan,nan,nan,nan,nan,nan,nan,8,nan,nan,nan,,2024-03-20,61.0
2024-01-19,2024,53,530010,F,5,2,5,2007,1,2,1,2,1,2,2,2,2,nan,10,2,nan,nan,,2024-01-30,11.0
2024-01-19,2024,53,530010,M,6,9,nan,1998,1,1,1,2,2,1,1,2,2,2,10,2,3,nan,,2024-01-20,1.0
2024-01-19,2024,53,530010,M,6,4,nan,1966,1,1,1,2,2,2,2,2,2,nan,10,2,nan,1,,2024-06-24,157.0
2024-01-19,2024,53,530010,M,6,4,6,2001,1,1,1,1,2,1,2,2,2,2,10,2,2,1,,2024-02-20,32.0
2024-01-19,2024,53,530010,F,9,1,9,2002,nan,nan,nan,nan,nan,nan,nan,nan,nan,nan,8,nan,nan,nan,,2024-03-20,61.0
2024-01-19,2024,53,530010,F,5,4,6,2004,nan,nan,nan,nan,nan,nan,nan,nan,nan,nan,8,nan,nan,nan,,2024-03-20,61.0
2024-01-19,2024,53,530010,M,6,4,nan,2000,1,1,2,2,2,2,2,2,2,nan,10,1,nan,1,,2024-01-19,0.0
2024-01-19,2024,53,530010,F,5,4,9,2012,1,1,2,2,1,1,2,1,2,2,10,1,1,1,,2024-03-06,47.0
2024-01-19,2024,53,530010,M,6,4,9,2012,1,1,1,2,2,2,2,2,2,2,10,1,3,1,,2024-01-29,10.0
2024-01-19,2024,53,530010,F,5,4,6,2004,1,1,1,2,1,1,1,2,2,2,10,2,1,1,,2024-03-20,61.0
2024-01-19,2024,53,530010,F,5,4,nan,1978,1,1,1,2,2,1,2,2,2,nan,10,1,1,9,,2024-01-30,11.0
2024-01-19,2024,53,530010,M,6,4,nan,2012,1,1,1,2,2,2,2,2,2,2,8,3,1,nan,,2024-03-20,61.0
2024-01-19,2024,53,530010,F,5,1,nan,2009,1,2,2,2,2,2,2,2,2,nan,10,2,nan,1,,2024-09-11,236.0
2024-01-19,2024,53,530010,M,6,1,5,1983,1,1,1,2,2,1,2,2,2,nan,10,2,nan,nan,,2024-01-20,1.0
2024-01-19,2024,53,530010,M,6,4,6,1989,1,1,1,2,2,2,1,2,2,2,10,2,3,1,,2024-04-08,80.0
2024-01-19,2024,53,530010,M,6,9,9,1968,2,1,1,2,2,2,2,2,2,2,10,1,1,nan,,2024-01-19,0.0
2024-01-19,2024,53,530010,M,6,4,nan,1988,1,2,1,2,2,2,2,2,2,nan,8,nan,nan,nan,,2024-03-20,61.0
2024-01-19,2024,53,530010,F,9,4,nan,1971,1,1,2,2,2,2,2,2,1,2,10,1,1,9,,2024-01-21,2.0
2024-01-19,2024,53,530010,M,6,1,8,1994,2,1,1,2,2,2,2,2,2,nan,10,2,nan,1,,2024-04-22,94.0
2024-01-19,2024,53,530010,F,9,2,nan,1951,2,1,1,2,2,2,1,2,2,2,10,1,1,9,,2024-01-21,2.0
2024-01-19,2024,53,530010,M,6,1,nan,2012,1,2,1,2,2,1,2,2,2,nan,10,2,nan,1,,2024-01-30,11.0
2024-01-19,2024,53,530010,M,6,9,9,1967,2,2,2,2,2,2,2,2,2,nan,8,nan,nan,nan,,2024-03-20,61.0
2024-01-19,2024,53,530010,F,9,4,9,1970,2,2,1,2,2,2,2,1,1,2,10,1,3,9,,2024-01-19,0.0
2024-01-19,2024,53,530010,F,5,9,9,1995,1,1,1,2,2,1,2,2,2,nan,10,1,1,1,,2024-03-12,53.0
2024-01-19,2024,53,530010,M,6,4,nan,1976,1,1,1,2,2,2,2,2,2,nan,10,1,nan,1,,2024-01-19,0.0
2024-01-19,2024,53,530010,M,6,1,5,2007,1,1,1,2,1,2,2,2,2,nan,10,2,nan,1,,2024-04-22,94.0
2024-01-19,2024,53,530010,F,5,4,9,2012,1,1,1,2,2,2,2,2,2,nan,10,1,nan,1,,2024-01-19,0.0
2024-01-19,2024,53,530010,F,9,4,9,1995,1,1,1,2,2,2,2,2,2,2,10,1,3,1,,2024-01-19,0.0
2024-01-19,2024,53,530010,M,6,9,9,1945,2,1,1,2,2,2,1,2,1,1,10,2,3,1,,2024-02-19,31.0
2024-01-19,2024,53,530010,F,6,1,6,1965,nan,nan,nan,nan,nan,nan,nan,nan,nan,nan,8,nan,nan,nan,,2024-03-20,61.0
2024-01-19,2024,53,530010,M,6,4,9,1991,1,1,1,2,2,2,2,2,2,nan,10,2,nan,nan,,2024-02-21,33.0
2024-01-19,2024,53,530010,F,9,4,nan,1969,1,2,1,2,2,2,2,2,1,nan,8,nan,nan,nan,,2024-03-20,61.0
2024-01-19,2024,53,530010,F,9,4,nan,1998,1,2,2,2,2,2,2,2,2,nan,8,nan,nan,nan,,2024-03-20,61.0
2024-01-19,2024,53,530010,M,6,4,9,1997,1,1,1,2,2,2,2,2,2,nan,10,1,nan,1,,2024-02-01,13.0
2024-01-19,2024,53,530010,F,5,2,3,1995,2,2,1,2,2,1,2,2,2,nan,10,1,nan,nan,,2024-03-04,45.0
2024-01-19,2024,53,530010,F,9,4,9,1988,1,1,1,1,1,1,2,2,2,2,10,1,nan,1,,2024-01-29,10.0
2024-01-19,2024,53,530010,M,6,9,9,2000,1,2,1,2,2,1,1,2,2,2,10,1,nan,1,,2024-01-19,0.0
2024-01-19,2024,53,530010,F,9,9,9,1935,1,1,1,2,2,2,2,2,2,nan,10,1,nan,nan,,2024-01-24,5.0
2024-01-19,2024,53,530010,F,5,9,9,1990,2,1,1,2,2,1,2,2,2,2,10,2,1,1,,2024-03-08,49.0
2024-01-19,2024,53,530010,M,6,4,10,2019,1,1,1,2,1,1,2,2,2,nan,10,2,nan,nan,,2024-01-20,1.0
2024-01-19,2024,53,530010,F,1,4,9,1996,1,1,1,2,1,2,2,2,2,1,11,1,1,nan,,2024-05-25,127.0
2024-01-19,2024,53,530010,M,6,9,nan,1959,nan,nan,nan,nan,nan,nan,nan,nan,nan,nan,8,nan,nan,nan,,2024-03-20,61.0
2024-01-19,2024,53,530010,F,9,4,9,1974,nan,nan,nan,nan,nan,nan,nan,nan,nan,nan,8,nan,nan,nan,,2024-03-20,61.0
2024-01-19,2024,53,530010,M,6,9,9,1988,2,2,2,2,2,2,2,2,2,nan,8,nan,nan,nan,,2024-03-20,61.0
2024-01-19,2024,53,530010,M,6,4,8,1983,2,1,1,2,2,2,2,2,2,nan,10,2,1,9,,2024-01-30,11.0
2024-01-19,2024,53,530010,M,6,4,9,1997,1,1,1,1,2,1,2,2,2,2,10,1,nan,9,,2024-01-25,6.0
2024-01-19,2024,53,530010,M,6,9,9,1997,1,1,1,2,2,2,2,2,2,nan,10,2,nan,1,,2024-03-20,61.0
2024-01-19,2024,53,530010,M,6,4,nan,1966,1,2,1,2,1,1,2,2,2,nan,8,nan,nan,nan,,2024-03-20,61.0
2024-01-19,2024,53,530010,F,5,4,4,2008,1,1,1,2,2,1,1,2,2,2,10,2,1,9,,2024-01-25,6.0
2024-01-19,2024,53,530010,M,6,4,3,2010,1,1,1,2,1,2,2,2,2,nan,10,1,nan,nan,,2024-01-29,10.0
2024-01-19,2024,53,530010,M,6,9,9,1974,nan,nan,nan,nan,nan,nan,nan,nan,nan,nan,8,nan,nan,nan,,2024-03-20,61.0
2024-01-19,2024,53,530010,F,9,4,9,2001,nan,nan,nan,nan,nan,nan,nan,nan,nan,nan,8,nan,nan,nan,,2024-03-20,61.0
2024-01-19,2024,53,530010,F,6,4,nan,1952,2,2,2,2,2,1,2,2,2,nan,10,1,1,1,,2024-01-25,6.0
2024-01-19,2024,53,530010,M,6,9,nan,2000,2,2,1,2,1,1,2,2,2,9,8,nan,3,nan,,2024-03-20,61.0
2024-01-19,2024,53,530010,M,6,4,nan,2007,1,2,1,2,1,2,2,2,2,2,10,1,1,9,,2024-01-21,2.0
2024-01-19,2024,53,530010,F,5,9,9,1993,1,1,1,2,2,2,2,2,2,nan,8,nan,nan,nan,,2024-03-20,61.0
2024-01-19,2024,53,530010,F,5,4,6,1995,1,1,1,2,1,1,2,2,2,2,10,1,1,1,,2024-01-29,10.0
2024-01-19,2024,53,530010,M,6,2,9,1976,1,1,1,2,1,2,2,2,2,1,11,2,1,1,,2024-01-19,0.0
2024-01-19,2024,53,530010,F,2,1,4,1981,nan,nan,nan,nan,nan,nan,nan,nan,nan,nan,8,nan,nan,nan,,2024-03-20,61.0
2024-01-19,2024,53,530010,F,9,1,9,1975,1,1,1,2,2,1,2,2,2,9,10,3,3,1,,,
2024-01-19,2024,53,530010,F,5,9,nan,1955,2,1,1,2,2,2,2,2,2,nan,10,2,1,1,,2024-03-05,46.0
2024-01-19,2024,53,530010,F,5,4,6,1978,1,1,1,2,1,1,2,2,2,2,10,2,1,nan,,2024-02-14,26.0
2024-01-19,2024,53,530010,M,6,1,6,2005,1,1,1,2,2,1,2,2,2,nan,10,1,nan,nan,,2024-02-20,32.0
2024-01-19,2024,53,530010,F,5,4,nan,2008,1,1,1,1,2,1,2,2,2,2,10,2,1,1,,2024-02-07,19.0
2024-01-19,2024,53,530010,F,5,4,1,1961,1,1,1,2,2,1,1,2,2,nan,10,2,nan,nan,,2024-01-20,1.0
2024-01-19,2024,53,530010,F,5,9,nan,2006,1,1,1,2,1,2,2,2,2,nan,8,nan,nan,nan,,2024-03-20,61.0
2024-01-19,2024,53,530010,M,6,4,9,1991,nan,nan,nan,nan,nan,nan,nan,nan,nan,nan,8,nan,nan,nan,,2024-03-20,61.0
2024-01-19,2024,53,530010,M,6,4,9,1992,1,1,1,2,2,2,2,2,2,nan,10,1,nan,1,,2024-01-30,11.0
2024-01-19,2024,53,530010,M,6,1,nan,1998,1,1,1,2,2,2,2,2,2,2,10,2,1,1,,2024-02-20,32.0
2024-01-19,2024,53,530010,M,6,4,10,2021,1,1,1,2,1,1,2,2,2,nan,11,1,1,1,,2024-01-22,3.0
2024-01-19,2024,53,530010,M,6,9,9,1997,nan,nan,nan,nan,nan,nan,nan,nan,nan,nan,8,nan,nan,nan,,2024-03-20,61.0
2024-01-19,2024,53,530010,F,5,4,9,1986,1,1,1,2,2,1,1,2,2,2,10,2,nan,1,,2024-02-29,41.0
2024-01-19,2024,53,530010,F,5,1,5,2010,1,1,1,2,2,1,2,2,2,2,10,2,1,1,,2024-01-29,10.0
2024-01-19,2024,53,530010,F,9,4,nan,1978,1,1,1,2,2,1,2,1,1,2,10,2,nan,nan,,2024-02-20,32.0
2024-01-19,2024,53,530010,F,5,4,nan,1960,2,2,1,2,2,1,2,1,2,nan,10,2,nan,9,,2024-03-01,42.0
2024-01-19,2024,53,530010,F,5,4,9,1987,2,2,1,2,2,1,2,2,2,2,10,1,3,nan,,2024-01-19,0.0
2024-01-19,2024,53,530010,M,6,4,9,1996,1,2,2,2,1,2,2,2,2,2,8,nan,nan,nan,,2024-03-20,61.0
2024-01-19,2024,53,530010,F,2,4,4,2006,1,1,2,2,2,2,2,2,2,2,10,3,3,1,,,
2024-01-19,2024,53,530010,F,5,4,nan,1957,1,1,2,2,2,2,2,2,2,nan,8,nan,nan,1,,2024-01-19,0.0
2024-01-19,2024,53,530010,F,5,4,9,1973,1,1,1,2,1,1,2,2,2,nan,8,nan,nan,nan,,2024-03-20,61.0
2024-01-19,2024,53,530010,F,9,9,9,2003,1,2,1,2,2,2,2,2,2,2,10,2,3,9,,2024-01-19,0.0
2024-01-19,2024,53,530010,F,5,4,9,2008,1,1,1,2,2,2,2,2,2,nan,8,nan,nan,nan,,2024-03-20,61.0
2024-01-19,2024,53,530010,F,6,4,nan,1992,1,1,1,2,1,1,2,2,2,nan,10,1,nan,1,,2024-01-19,0.0
2024-01-19,2024,53,530010,F,6,4,nan,2013,1,2,2,2,1,2,2,2,2,2,10,2,1,nan,,2024-01-20,1.0
2024-01-19,2024,53,530010,F,6,1,10,2019,1,1,1,2,1,2,2,2,2,1,10,2,nan,1,,2024-12-26,342.0
2024-01-19,2024,53,530010,M,6,4,9,1977,1,1,1,2,2,2,2,2,2,2,10,1,1,1,,2024-02-01,13.0
2024-01-19,2024,53,530010,F,5,9,nan,1974,1,1,1,2,2,2,2,2,1,2,10,2,3,nan,,2024-02-20,32.0
2024-01-19,2024,53,530010,F,6,4,9,1949,1,1,2,2,2,1,2,2,2,nan,10,1,nan,nan,,2024-02-16,28.0
2024-01-19,2024,53,530010,M,6,4,9,1949,1,1,1,2,2,2,2,2,1,2,10,1,3,1,,2024-02-17,29.0
2024-01-19,2024,53,530010,F,5,4,9,1978,1,1,1,2,1,1,2,2,2,nan,10,1,nan,nan,,2024-02-20,32.0
2024-01-19,2024,53,530010,F,9,9,9,1982,1,1,1,2,2,2,2,2,2,2,10,2,3,nan,,2024-01-20,1.0
2024-01-19,2024,53,530010,F,9,4,nan,1984,1,2,1,2,1,2,2,2,2,nan,8,nan,nan,nan,,2024-03-20,61.0
2024-01-19,2024,53,530010,F,5,4,6,2003,1,1,1,2,1,1,1,2,2,2,10,2,1,1,,2024-01-26,7.0
2024-01-19,2024,53,530010,M,6,4,9,2004,1,2,1,2,2,1,2,2,2,nan,10,1,nan,nan,,2024-02-16,28.0
2024-01-19,2024,53,530010,F,5,4,nan,1997,1,1,2,2,2,2,2,2,2,nan,10,1,nan,1,,2024-01-19,0.0
2024-01-19,2024,52,521523,M,6,1,6,1996,2,1,1,2,2,2,2,2,2,2,10,2,1,1,,2024-01-22,3.0
2024-01-19,2024,53,530010,F,5,4,9,1956,1,1,2,2,1,2,2,2,2,1,11,1,1,2,2024-01-27,2024-02-29,41.0
2024-01-19,2024,53,530010,M,6,4,8,1977,1,2,1,2,2,2,2,2,2,9,10,2,nan,1,,2024-06-08,141.0
2024-01-19,2024,53,530010,M,6,1,nan,2003,nan,nan,nan,nan,nan,nan,nan,nan,nan,nan,8,nan,nan,nan,,2024-03-20,61.0
2024-01-19,2024,53,530010,M,6,4,3,1962,1,1,1,2,1,1,2,2,2,2,10,1,1,1,,2024-02-27,39.0
2024-01-19,2024,53,530010,M,6,1,nan,1977,1,2,1,2,2,2,2,2,1,2,10,1,1,9,,2024-01-21,2.0
2024-01-19,2024,53,530010,M,6,9,9,2011,2,2,2,2,2,2,2,2,2,nan,8,nan,nan,nan,,2024-03-20,61.0
2024-01-19,2024,53,530010,F,9,9,nan,2001,2,2,2,2,2,2,2,2,2,nan,10,1,nan,9,,2024-01-19,0.0
2024-01-19,2024,53,530010,F,5,4,9,2001,1,1,1,2,2,2,1,2,2,9,10,1,1,9,,2024-02-07,19.0
2024-01-19,2024,53,530010,M,6,9,9,1964,2,2,2,2,2,2,2,2,2,nan,8,nan,nan,nan,,2024-03-20,61.0
2024-01-19,2024,53,530010,M,6,4,10,2018,1,1,1,2,2,2,2,2,2,nan,10,2,nan,nan,,2024-03-18,59.0
2024-01-19,2024,53,530010,M,6,4,9,2003,1,2,1,2,2,2,2,2,2,nan,8,nan,nan,nan,,2024-03-20,61.0
2024-01-19,2024,53,530010,F,5,4,9,1977,1,1,1,2,2,1,2,2,2,2,10,1,1,1,,2024-02-07,19.0
2024-01-19,2024,53,530010,F,6,4,nan,2015,1,1,1,2,2,1,2,2,2,nan,10,1,nan,1,,2024-01-20,1.0
2024-01-19,2024,53,530010,F,5,9,nan,1995,1,1,1,1,1,2,1,2,2,2,10,2,3,1,,2024-04-22,94.0
2024-01-19,2024,53,530010,M,6,9,nan,2002,1,1,1,2,1,1,2,2,2,2,10,2,3,nan,,2024-01-20,1.0
2024-01-19,2024,53,530010,F,5,4,9,2007,1,1,1,2,2,2,2,2,2,2,8,nan,nan,nan,,2024-03-20,61.0
2024-01-19,2024,53,530010,F,5,4,4,1955,2,1,1,1,2,2,1,1,1,2,10,2,2,nan,,2024-01-20,1.0
2024-01-19,2024,53,530010,M,6,9,9,1949,2,1,2,2,2,2,2,1,1,2,10,1,3,nan,,2024-01-19,0.0
2024-01-19,2024,53,530010,M,6,1,nan,2012,1,2,1,2,1,2,2,2,2,2,10,1,1,nan,,2024-03-13,54.0
2024-01-19,2024,53,530010,F,5,1,9,2001,1,1,1,2,2,2,2,2,2,nan,10,1,nan,nan,,2024-02-16,28.0
2024-01-19,2024,53,530010,M,6,9,10,2016,1,1,1,2,1,2,2,2,2,2,10,2,3,1,,2024-04-24,96.0
2024-01-19,2024,53,530010,M,6,4,9,1992,1,1,1,2,2,1,1,2,2,nan,10,2,nan,9,,2024-03-04,45.0
2024-01-19,2024,53,530010,F,9,9,9,1960,2,2,2,2,2,2,2,2,2,nan,8,nan,nan,nan,,2024-03-20,61.0
2024-01-19,2024,53,530010,F,6,4,10,2016,1,1,1,2,2,2,2,2,2,nan,10,2,2,1,,2024-01-19,0.0
2024-01-19,2024,53,530010,F,5,1,5,2009,nan,nan,nan,nan,nan,nan,nan,nan,nan,nan,8,nan,nan,nan,,2024-03-20,61.0
2024-01-19,2024,53,530010,F,5,9,nan,1967,1,1,1,2,2,2,2,2,2,2,10,2,1,nan,,2024-03-20,61.0
2024-01-19,2024,53,530010,F,9,4,nan,2006,1,1,2,2,2,2,1,2,2,2,10,1,1,9,,2024-01-20,1.0
2024-01-19,2024,53,530010,M,6,4,9,2003,1,2,1,2,2,2,2,2,2,2,10,1,3,nan,,2024-01-19,0.0
2024-01-19,2024,53,530010,M,6,9,10,2018,2,2,2,2,2,2,2,2,2,nan,10,1,nan,9,,2024-01-19,0.0
2024-01-19,2024,53,530010,F,5,4,6,1996,1,1,1,1,1,1,1,2,2,2,10,2,2,1,,2024-02-20,32.0
2024-01-19,2024,52,520030,F,5,4,9,1998,1,1,1,2,2,2,2,2,2,2,10,1,2,1,,2024-01-23,4.0
2024-01-19,2024,53,530010,M,6,4,6,1991,1,1,1,2,1,1,2,2,2,nan,10,2,nan,1,,2024-03-20,61.0
2024-01-19,2024,53,530010,M,6,9,9,1986,1,1,1,2,2,2,2,2,2,nan,10,2,nan,nan,,2024-01-20,1.0
2024-01-19,2024,53,530010,M,6,4,9,2013,1,2,1,2,2,2,2,2,2,2,10,2,3,nan,,2024-02-21,33.0
2024-01-19,2024,53,530010,F,5,9,9,1978,1,1,1,2,2,2,2,2,2,nan,10,2,1,1,,2024-03-11,52.0
2024-01-19,2024,53,530010,F,5,1,6,2007,1,1,1,2,1,2,2,2,2,nan,10,2,nan,1,,2024-04-06,78.0
2024-01-19,2024,53,530010,F,6,4,nan,1974,1,2,1,2,2,2,2,2,2,nan,8,nan,nan,nan,,2024-03-20,61.0
2024-01-19,2024,53,530010,M,6,9,nan,1968,2,2,2,2,2,2,2,2,2,nan,10,1,nan,1,,2024-01-19,0.0
2024-01-19,2024,53,530010,M,6,4,4,1990,1,1,1,2,1,1,1,2,2,2,10,1,1,1,,2024-01-26,7.0
2024-01-19,2024,53,530010,F,5,1,9,2000,2,1,1,2,2,1,2,2,2,nan,10,2,nan,1,,2024-02-20,32.0
2024-01-19,2024,53,530010,M,6,4,9,1961,1,1,2,2,2,2,2,2,2,2,10,1,nan,9,,2024-01-19,0.0
2024-01-19,2024,53,530010,M,6,4,9,1967,1,1,1,2,2,2,2,2,2,9,10,1,nan,9,,2024-01-19,0.0
2024-01-19,2024,53,530010,F,5,1,3,1985,1,1,1,1,1,1,1,1,2,nan,10,2,nan,nan,,2024-01-20,1.0
2024-01-19,2024,53,530010,M,6,4,nan,1982,1,1,1,2,2,1,2,2,2,2,10,1,3,9,,2024-01-19,0.0
2024-01-19,2024,53,530010,M,6,4,9,2013,1,1,1,2,2,2,2,2,2,nan,10,2,nan,nan,,2024-02-16,28.0
2024-01-19,2024,53,530010,F,9,4,9,1954,1,1,2,2,2,2,1,2,2,2,10,1,3,nan,,2024-01-19,0.0
2024-01-19,2024,53,530010,F,5,4,nan,2001,1,1,1,2,1,1,2,2,2,nan,8,nan,nan,nan,,2024-03-20,61.0
2024-01-19,2024,53,530010,F,5,4,nan,1967,1,1,1,2,1,2,2,2,1,nan,10,2,nan,nan,,2024-01-19,0.0
2024-01-19,2024,53,530010,F,5,9,9,1996,1,1,1,2,2,1,1,2,2,nan,10,1,nan,nan,,2024-02-20,32.0
2024-01-19,2024,53,530010,M,6,1,5,1958,1,1,2,2,2,1,2,1,1,1,11,2,3,1,,2024-01-19,0.0
2024-01-19,2024,53,530010,F,9,9,nan,1996,1,1,1,2,1,1,1,2,2,nan,10,2,nan,1,,2024-03-20,61.0
2024-01-19,2024,53,530010,M,6,4,nan,2014,1,1,1,2,2,2,1,2,2,2,10,2,1,nan,,2024-02-20,32.0
2024-01-19,2024,53,530010,F,9,9,9,1978,2,2,2,2,2,2,2,2,2,nan,8,nan,nan,nan,,2024-03-20,61.0
2024-01-19,2024,53,530010,F,5,4,nan,1964,2,1,1,2,2,2,2,2,2,nan,10,1,nan,1,,2024-01-19,0.0
2024-01-19,2024,53,530010,F,5,4,8,1973,1,1,1,2,2,2,2,2,2,2,10,2,1,1,,2024-03-20,61.0
2024-01-19,2024,53,530010,F,6,4,10,2023,nan,nan,nan,nan,nan,nan,nan,nan,nan,nan,8,nan,nan,nan,,2024-03-20,61.0
2024-01-19,2024,53,530010,F,5,4,9,1957,1,1,1,2,2,2,1,1,1,2,10,2,1,1,,2024-03-20,61.0
2024-01-19,2024,53,530010,F,2,4,3,1989,nan,nan,nan,nan,nan,nan,nan,nan,nan,nan,8,nan,nan,nan,,2024-03-20,61.0
2024-01-19,2024,53,530010,F,5,1,nan,1985,1,1,1,2,2,1,2,2,2,nan,8,nan,nan,nan,,2024-03-20,61.0
2024-01-19,2024,53,530010,M,6,1,9,1970,2,2,1,1,2,2,2,2,1,nan,10,1,nan,nan,,2024-02-16,28.0
2024-01-19,2024,53,530010,M,6,1,10,2017,1,1,1,2,2,1,2,2,2,nan,10,1,nan,nan,,2024-02-16,28.0
2024-01-19,2024,53,530010,M,6,4,7,2004,1,2,1,2,2,1,2,2,2,nan,10,1,nan,1,,2024-02-10,22.0
2024-01-19,2024,53,530010,M,6,4,7,1981,1,1,1,2,2,1,1,2,2,nan,8,nan,nan,nan,,2024-03-20,61.0
2024-01-19,2024,53,530010,F,6,9,10,2022,1,1,1,2,1,1,2,2,2,1,11,1,nan,9,,2024-01-19,0.0
2024-02-04,2024,32,320530,M,6,4,8,1979,1,2,1,2,2,1,2,2,2,2,10,2,1,1,,2024-02-19,15.0
2024-02-04,2024,32,320020,M,6,1,9,1980,1,2,1,2,2,2,1,2,2,2,10,2,1,1,,2024-02-16,12.0
2024-02-04,2024,32,320400,M,6,1,6,1996,1,1,1,2,2,2,2,2,2,2,10,2,1,1,,2024-02-16,12.0
2024-02-04,2024,32,320400,M,6,1,3,2012,1,1,1,2,1,2,2,2,2,2,10,2,1,1,,2024-05-15,101.0
2024-02-04,2024,32,320530,F,9,4,10,1997,1,1,1,2,1,1,2,2,2,2,10,2,1,1,,2024-02-04,0.0
2024-02-04,2024,32,320530,F,9,4,10,2005,1,2,1,2,2,1,2,2,2,2,10,2,1,1,,2024-02-04,0.0
2024-02-04,2024,32,320530,F,5,4,10,1963,1,1,1,2,1,1,2,1,1,2,10,2,1,1,,2024-02-04,0.0
2024-02-04,2024,32,320016,F,5,4,6,1996,1,2,2,2,2,2,2,2,2,2,10,1,1,0,,,
2024-02-04,2024,32,320150,M,6,4,3,1975,1,1,1,2,2,1,2,2,1,2,10,2,1,1,,2024-02-15,11.0
2024-02-04,2024,32,320016,M,6,4,7,1992,1,1,2,2,2,1,2,2,2,2,10,1,1,0,,,
2024-02-04,2024,32,320440,M,6,1,9,1982,1,1,1,2,2,1,1,2,2,2,10,2,1,1,,2024-02-21,17.0
2024-02-04,2024,32,320530,M,9,4,10,1998,1,1,1,2,2,2,2,2,2,2,10,2,1,1,,2024-02-04,0.0
2024-02-04,2024,32,320530,F,9,4,10,1990,1,1,1,2,2,2,1,1,2,2,10,2,1,1,,2024-02-04,0.0
2024-02-04,2024,32,320010,M,6,3,0,1965,1,1,2,2,1,1,2,2,2,2,10,1,1,1,,2024-04-19,75.0
2024-02-05,2024,32,320190,F,9,1,3,2006,1,2,1,2,1,1,2,2,2,2,10,2,1,1,,2024-02-14,9.0
2024-02-05,2024,32,320510,M,6,4,9,2009,1,1,2,2,2,2,1,2,2,2,10,2,1,9,,2024-03-14,38.0
2024-02-05,2024,32,320150,M,6,1,4,2001,1,1,1,2,1,2,2,2,2,2,10,2,1,1,,2024-02-15,10.0
2024-01-19,2024,53,530010,M,6,4,nan,1994,1,1,1,2,2,2,2,2,2,nan,10,1,nan,nan,,2024-02-19,31.0
2024-01-19,2024,53,530010,M,6,1,2,1990,1,2,1,2,2,2,2,2,2,nan,10,1,nan,1,,2024-03-05,46.0
2024-01-19,2024,53,530010,M,6,4,nan,1982,1,1,1,2,2,2,1,2,2,nan,10,2,nan,nan,,2024-01-20,1.0
2024-01-19,2024,53,530010,M,6,2,nan,1969,1,1,1,2,2,1,1,2,2,2,10,1,nan,1,,2024-01-29,10.0
2024-01-19,2024,53,530010,M,6,4,nan,2010,1,1,1,2,2,2,2,2,2,nan,10,2,1,1,,2024-06-24,157.0
2024-01-19,2024,53,530010,F,5,4,8,1980,2,1,2,1,2,2,2,2,2,2,10,2,3,9,,2024-01-19,0.0
2024-01-19,2024,53,530010,M,6,1,4,1964,nan,nan,nan,nan,nan,nan,nan,nan,nan,nan,8,nan,nan,nan,,2024-03-20,61.0
2024-01-19,2024,53,530010,M,6,2,6,1979,nan,nan,nan,nan,nan,nan,nan,nan,nan,nan,8,nan,nan,nan,,2024-03-20,61.0
2024-01-19,2024,53,530010,M,6,9,nan,2010,1,1,1,2,1,2,2,2,2,1,10,2,3,9,,2024-03-19,60.0
2024-01-19,2024,53,530010,M,6,1,9,1989,1,1,1,2,2,2,2,2,2,nan,10,2,1,nan,,2024-01-19,0.0
2024-01-19,2024,53,530010,M,6,2,6,2015,nan,nan,nan,nan,nan,nan,nan,nan,nan,nan,8,nan,nan,nan,,2024-03-20,61.0
2024-01-19,2024,53,530010,F,6,4,9,2011,1,1,1,2,1,2,2,2,2,1,11,2,1,1,,2024-03-20,61.0
2024-01-19,2024,53,530010,M,6,1,5,2002,1,1,1,2,2,2,2,2,2,2,10,1,2,1,,2024-02-19,31.0
2024-01-19,2024,53,530010,F,5,4,7,1990,1,1,1,2,2,2,1,2,2,nan,10,1,nan,nan,,2024-03-02,43.0
2024-01-19,2024,53,530010,F,9,4,9,1963,1,1,1,2,2,2,2,2,2,2,10,2,3,1,,2024-01-19,0.0
2024-01-19,2024,53,530010,M,6,4,5,1986,1,1,1,2,2,2,2,2,2,nan,10,1,nan,nan,,2024-03-02,43.0
2024-01-19,2024,53,530010,F,5,4,9,1998,1,1,1,2,1,1,1,2,2,nan,8,nan,nan,nan,,2024-03-20,61.0
2024-01-19,2024,53,530010,F,5,1,nan,1991,1,2,1,2,2,2,2,2,2,nan,10,2,nan,1,,2024-03-01,42.0
2024-01-19,2024,53,530010,F,5,9,nan,2001,2,1,1,2,2,1,1,1,2,1,8,nan,3,nan,,2024-03-20,61.0
2024-01-19,2024,53,530010,F,5,4,nan,1999,1,1,1,2,2,2,2,2,2,nan,10,1,nan,1,,2024-01-19,0.0
2024-01-19,2024,53,530010,F,5,4,nan,1976,1,1,1,2,2,2,2,2,1,nan,10,2,nan,nan,,2024-01-22,3.0
2024-01-19,2024,53,530010,F,5,4,9,1999,1,1,1,2,2,2,2,2,2,nan,10,2,nan,nan,,2024-05-22,124.0
2024-01-19,2024,53,530010,F,9,9,nan,1962,1,1,2,2,1,1,2,2,2,1,10,2,3,nan,,2024-02-20,32.0
2024-01-19,2024,53,530010,M,6,4,9,1987,2,1,1,2,2,2,1,2,1,2,10,2,1,1,,2024-02-02,14.0
2024-01-19,2024,53,530010,M,6,9,nan,2004,1,1,1,2,2,1,1,2,2,1,10,2,nan,nan,,2024-01-20,1.0
2024-01-19,2024,53,530010,M,6,3,10,2020,1,2,2,2,2,2,2,2,2,1,11,1,3,1,,2024-01-29,10.0
2024-01-19,2024,53,530010,M,6,4,9,2008,1,1,1,2,1,1,2,2,2,2,10,2,3,1,,2024-12-19,335.0
2024-01-19,2024,53,530010,F,5,4,nan,1955,1,1,1,2,2,1,2,2,1,nan,10,1,nan,1,,2024-02-16,28.0
2024-01-19,2024,53,530010,F,3,2,6,2004,1,1,1,2,1,1,2,2,2,2,10,1,1,1,,2024-02-01,13.0
2024-01-19,2024,53,530010,M,6,1,1,2015,1,1,1,2,2,2,2,2,2,nan,10,1,nan,nan,,2024-02-16,28.0
2024-01-19,2024,53,530010,F,6,4,10,2018,1,2,1,2,2,2,2,2,2,2,10,1,3,1,,2024-01-29,10.0
2024-01-19,2024,53,530010,F,5,4,1,1964,1,1,1,2,2,1,2,1,1,1,11,1,1,1,,2024-05-18,120.0
2024-01-19,2024,53,530010,F,5,4,9,2005,1,1,1,2,2,1,2,2,2,nan,10,2,nan,nan,,2024-01-20,1.0
2024-01-19,2024,53,530010,F,5,4,nan,1988,1,1,1,2,2,2,1,2,2,nan,10,1,nan,1,,2024-01-22,3.0
2024-01-19,2024,53,530010,F,9,9,9,1935,2,2,2,2,2,2,2,2,2,nan,8,nan,nan,nan,,2024-03-20,61.0
2024-01-19,2024,53,530010,F,9,4,9,1982,1,2,1,2,1,1,2,2,1,nan,10,1,nan,1,,2024-02-19,31.0
2024-01-19,2024,53,530010,F,5,1,3,1978,1,1,1,2,2,1,2,2,2,nan,8,nan,nan,nan,,2024-03-20,61.0
2024-01-19,2024,53,530010,F,5,4,9,1997,1,1,1,2,2,2,2,2,2,nan,8,nan,nan,nan,,2024-03-20,61.0
2024-01-19,2024,53,530010,F,5,4,6,1971,1,1,1,2,2,2,2,2,2,nan,10,2,1,1,,2024-03-20,61.0
2024-01-19,2024,53,530010,M,6,9,nan,2004,1,1,1,2,1,1,2,2,2,1,11,1,nan,9,,2024-01-19,0.0
2024-01-19,2024,53,530010,F,6,1,nan,1974,1,1,1,2,2,1,2,1,1,nan,8,nan,nan,nan,,2024-03-20,61.0
2024-01-19,2024,53,530010,M,6,4,nan,1970,1,1,1,1,2,2,2,2,1,2,10,1,1,1,,2024-01-19,0.0
2024-01-19,2024,53,530010,F,6,4,nan,2013,1,1,2,2,1,1,2,2,2,1,10,1,nan,1,,2024-03-05,46.0
2024-01-19,2024,53,530010,M,6,4,nan,2003,1,1,1,2,1,1,2,2,2,nan,10,1,1,nan,,2024-01-31,12.0
2024-01-19,2024,53,530010,F,5,4,6,2003,2,1,2,1,1,2,2,2,2,nan,10,1,nan,nan,,2024-02-20,32.0
2024-01-19,2024,53,530010,F,6,9,10,2021,1,2,2,2,2,2,2,2,2,2,10,1,1,nan,,2024-01-19,0.0
2024-01-19,2024,53,530010,M,6,4,nan,1985,1,1,1,2,2,1,2,2,2,2,10,2,1,1,,2024-03-01,42.0
2024-01-19,2024,53,530010,M,6,4,10,2016,1,1,2,2,1,2,2,2,2,nan,8,nan,nan,nan,,2024-03-20,61.0
2024-01-19,2024,53,530010,M,6,1,8,1995,1,1,1,2,2,2,1,2,2,nan,10,1,nan,nan,,2024-02-20,32.0
2024-01-19,2024,53,530010,M,6,4,3,2001,1,1,1,2,2,2,2,2,2,nan,8,nan,nan,nan,,2024-03-20,61.0
2024-01-19,2024,53,530010,F,5,9,9,2007,1,1,1,2,2,2,2,2,2,nan,10,2,nan,nan,,2024-02-20,32.0
2024-01-19,2024,53,530010,F,5,2,9,1998,1,2,2,2,1,1,2,2,2,2,8,nan,nan,nan,,2024-03-20,61.0
2024-01-19,2024,53,530010,F,5,1,nan,2001,nan,nan,nan,nan,nan,nan,nan,nan,nan,nan,8,nan,nan,nan,,2024-03-20,61.0
2024-01-19,2024,53,530010,F,6,4,10,2020,1,2,1,2,1,2,2,2,2,2,10,2,nan,nan,,2024-02-20,32.0
2024-01-19,2024,53,530010,F,9,9,9,1964,2,2,2,2,2,2,2,2,2,nan,8,nan,nan,nan,,2024-03-20,61.0
2024-01-19,2024,53,530010,F,5,9,nan,1950,2,1,1,2,2,2,2,2,2,1,10,1,3,9,,2024-01-23,4.0
2024-01-19,2024,53,530010,F,5,9,9,1991,1,1,1,2,1,1,2,2,2,2,10,2,1,1,,2024-03-08,49.0
2024-01-19,2024,53,530010,M,6,9,nan,1997,2,1,1,2,2,2,1,2,2,nan,10,2,nan,1,,2024-03-20,61.0
2024-01-19,2024,53,530010,M,6,1,6,2003,1,1,1,2,1,1,2,2,2,2,10,1,1,1,,2024-01-26,7.0
2024-01-19,2024,53,530010,M,6,1,9,1970,nan,nan,nan,nan,nan,nan,nan,nan,nan,nan,8,nan,nan,nan,,2024-03-20,61.0
2024-01-19,2024,53,530010,M,6,4,9,2008,1,1,2,2,2,2,2,2,2,nan,10,1,nan,nan,,2024-01-19,0.0
2024-01-19,2024,53,530010,M,6,9,10,2019,2,2,2,2,2,2,2,2,2,nan,8,nan,nan,nan,,2024-03-20,61.0
2024-01-19,2024,53,530010,M,6,9,9,1990,1,1,1,2,2,1,2,2,2,nan,10,1,3,nan,,2024-01-19,0.0
2024-01-19,2024,53,530010,F,5,4,9,2006,1,1,1,2,2,1,1,2,1,2,10,2,1,1,,2024-03-20,61.0
2024-01-19,2024,53,530010,F,5,4,9,1998,1,1,1,2,2,2,2,2,2,2,10,2,1,1,,2024-03-20,61.0
2024-01-19,2024,53,530010,F,5,4,nan,1940,1,1,2,2,1,1,2,1,1,2,10,2,1,nan,,2024-03-20,61.0
2024-01-19,2024,53,530010,F,5,4,6,1988,1,1,1,2,1,1,2,1,1,nan,10,2,nan,1,,2024-02-14,26.0
2024-01-19,2024,53,530010,F,6,4,10,2019,nan,nan,nan,nan,nan,nan,nan,nan,nan,nan,8,nan,nan,nan,,2024-03-20,61.0
2024-01-19,2024,53,530010,M,6,4,9,1958,1,1,1,2,1,1,2,2,2,nan,8,nan,nan,nan,,2024-03-20,61.0
2024-01-19,2024,53,530010,M,6,1,10,2018,1,1,1,2,1,1,2,2,2,nan,10,2,nan,nan,,2024-02-20,32.0
2024-01-19,2024,53,530010,F,5,2,nan,2000,1,1,2,2,2,2,2,2,2,nan,8,1,nan,1,,2024-03-19,60.0
2024-01-19,2024,53,530010,F,5,4,nan,1983,1,1,1,2,2,2,2,2,2,nan,8,nan,nan,1,,2024-03-20,61.0
2024-01-19,2024,53,530010,F,5,4,6,1976,1,1,1,1,2,1,1,2,2,2,10,1,2,nan,,2024-02-22,34.0
2024-01-19,2024,53,530010,F,5,9,9,1958,1,1,1,2,2,2,2,2,2,nan,10,1,1,1,,2024-02-09,21.0
2024-01-19,2024,53,530010,M,6,4,3,2012,1,1,2,2,2,2,1,2,2,nan,10,1,1,1,,2024-02-01,13.0
2024-01-19,2024,53,530010,F,5,9,9,2009,1,1,1,2,1,1,2,2,2,nan,10,2,nan,nan,,2024-02-20,32.0
2024-01-19,2024,53,530010,F,5,4,6,1981,1,1,1,1,2,2,1,2,2,2,10,1,1,1,,2024-02-19,31.0
2024-01-19,2024,53,530010,M,6,4,nan,2005,1,1,1,2,1,1,1,2,2,nan,10,1,1,9,,2024-01-19,0.0
2024-01-19,2024,53,530010,F,9,1,9,2003,1,1,1,2,2,1,2,2,2,2,10,1,3,9,,2024-01-19,0.0
2024-01-19,2024,53,530010,M,6,4,9,1944,2,2,2,2,2,2,2,1,1,1,8,nan,nan,nan,,2024-03-20,61.0
2024-01-19,2024,53,530010,F,9,4,9,1971,1,1,1,2,2,1,2,2,2,2,10,2,nan,nan,,2024-02-20,32.0
2024-01-19,2024,53,530010,F,1,1,nan,1997,1,1,1,2,2,2,2,2,2,nan,8,nan,nan,nan,,2024-03-20,61.0
2024-01-19,2024,53,530010,F,5,1,6,1984,1,1,1,1,2,1,1,2,2,2,10,2,2,1,,2024-03-20,61.0
2024-01-19,2024,53,530010,F,5,4,9,1976,1,1,1,2,2,2,2,1,2,nan,8,nan,nan,nan,,2024-03-20,61.0
2024-01-19,2024,53,530010,M,6,1,nan,1953,1,1,1,2,1,2,2,2,1,2,10,2,3,1,,2024-02-15,27.0
2024-01-19,2024,53,530010,F,5,4,5,2003,1,1,1,2,2,2,2,2,2,nan,8,nan,nan,nan,,2024-03-20,61.0
2024-01-19,2024,53,530010,M,6,4,3,2011,1,1,1,2,1,2,2,2,2,nan,10,2,nan,nan,,2024-02-20,32.0
2024-01-19,2024,53,530010,M,6,1,3,2012,1,1,1,2,2,1,2,2,2,nan,10,2,nan,nan,,2024-02-20,32.0
2024-01-19,2024,53,530010,F,5,4,9,1975,2,1,1,2,2,1,2,2,2,nan,8,nan,nan,nan,,2024-03-20,61.0
2024-01-19,2024,53,530010,F,5,2,4,1971,1,1,1,2,2,1,2,1,1,nan,8,nan,nan,nan,,2024-03-20,61.0
2024-01-19,2024,53,530010,F,5,4,6,2001,2,1,1,2,2,1,2,2,2,nan,10,1,nan,nan,,2024-01-30,11.0
2024-01-19,2024,53,530010,F,5,4,9,1973,1,1,1,2,1,1,1,2,2,nan,8,nan,nan,nan,,2024-03-20,61.0
2024-01-19,2024,53,530010,M,6,1,nan,1960,2,1,1,2,2,2,2,2,2,2,10,2,1,1,,2024-04-01,73.0
2024-01-19,2024,53,530010,M,6,4,9,1998,1,1,1,2,2,2,2,2,2,nan,8,nan,nan,nan,,2024-03-20,61.0
2024-01-19,2024,53,530010,M,6,3,nan,1969,1,1,2,2,2,1,2,2,2,nan,10,1,nan,nan,,2024-01-22,3.0
2024-01-19,2024,53,530010,F,5,4,6,1990,nan,nan,nan,nan,nan,nan,nan,nan,nan,nan,8,nan,nan,nan,,2024-03-20,61.0
2024-01-19,2024,53,530010,F,9,4,nan,1985,1,2,1,2,2,2,2,2,2,nan,8,nan,nan,nan,,2024-03-20,61.0
2024-01-19,2024,24,240810,F,9,9,9,1978,nan,nan,nan,nan,nan,nan,nan,nan,nan,nan,8,nan,nan,nan,,2024-03-20,61.0
2024-01-19,2024,31,312800,M,6,4,6,2006,1,1,1,2,2,2,2,2,2,2,8,nan,nan,nan,,2024-03-20,61.0
2024-01-19,2024,53,530010,F,5,4,9,1995,1,1,1,2,2,2,2,2,1,nan,10,2,nan,nan,,2024-02-20,32.0
2024-01-19,2024,53,530010,M,6,4,nan,2012,1,1,1,2,1,2,2,2,2,2,10,2,1,nan,,2024-02-20,32.0
2024-01-19,2024,53,530010,M,6,4,9,1972,nan,nan,nan,nan,nan,nan,nan,nan,nan,nan,8,nan,nan,nan,,2024-03-20,61.0
2024-01-19,2024,53,530010,F,5,4,nan,2000,1,1,1,2,2,2,2,2,2,nan,10,2,nan,nan,,2024-01-25,6.0
2024-01-19,2024,53,530010,F,9,4,9,1992,1,1,1,2,1,1,2,2,2,nan,10,2,nan,1,,2024-03-01,42.0
2024-01-19,2024,53,530010,M,6,4,9,2002,1,1,2,2,2,2,2,2,2,nan,10,2,1,nan,,2024-01-19,0.0
2024-01-19,2024,53,530010,F,1,1,9,1991,2,2,1,2,1,1,2,2,2,2,10,2,3,nan,,2024-01-19,0.0
2024-01-19,2024,53,530010,F,5,4,nan,2004,1,1,1,2,1,2,2,2,2,nan,10,1,nan,nan,,2024-01-23,4.0
2024-01-19,2024,53,530010,F,6,4,nan,1976,1,1,1,2,1,1,2,2,2,nan,8,nan,nan,nan,,2024-03-20,61.0
2024-01-19,2024,53,530010,F,5,4,4,1979,1,1,1,2,1,1,2,2,2,nan,10,2,1,9,,2024-01-31,12.0
2024-01-19,2024,53,530010,F,9,1,9,1995,1,2,1,2,1,1,2,2,2,nan,10,1,nan,nan,,2024-02-16,28.0
2024-01-19,2024,53,530010,M,6,4,6,2003,1,1,1,2,2,2,2,2,2,nan,10,2,1,1,,2024-03-05,46.0
2024-01-19,2024,53,530010,F,6,9,10,2019,2,2,2,2,2,2,2,2,2,nan,8,nan,nan,nan,,2024-03-20,61.0
2024-01-19,2024,53,530010,F,5,4,9,1970,1,1,1,2,2,1,1,2,2,2,10,1,1,1,,2024-02-02,14.0
2024-01-19,2024,53,530010,F,5,1,nan,1995,1,1,1,2,2,2,2,2,2,nan,10,2,nan,nan,,2024-02-20,32.0
2024-01-19,2024,53,530010,M,6,1,0,1965,1,1,2,2,1,1,2,2,1,2,10,1,1,1,,2024-01-30,11.0
2024-01-19,2024,53,530010,F,5,1,3,1966,1,1,1,1,2,1,2,2,2,nan,8,nan,nan,nan,,2024-03-20,61.0
2024-01-19,2024,53,530010,M,6,3,nan,1987,1,1,2,2,2,2,2,2,2,nan,10,1,nan,nan,,2024-02-23,35.0
2024-01-19,2024,53,530010,M,6,1,nan,2012,1,1,1,2,2,2,2,2,2,nan,8,nan,nan,nan,,2024-03-20,61.0
2024-01-19,2024,53,530010,M,6,9,9,1971,1,1,1,2,2,2,2,2,2,nan,10,1,nan,nan,,2024-01-24,5.0
2024-01-19,2024,53,530010,M,6,4,9,2004,1,1,1,2,1,1,2,2,2,nan,8,nan,nan,nan,,2024-03-20,61.0
2024-01-19,2024,53,530010,F,5,1,nan,1979,1,1,1,2,1,1,1,2,1,2,10,2,nan,1,,2024-03-20,61.0
2024-01-19,2024,53,530010,F,5,4,9,1997,1,1,1,2,1,1,2,2,2,nan,8,nan,nan,nan,,2024-03-20,61.0
2024-01-19,2024,53,530010,F,5,1,9,1948,nan,nan,nan,nan,nan,nan,nan,nan,nan,nan,8,nan,nan,nan,,2024-03-20,61.0
2024-01-19,2024,53,530010,M,6,4,9,1995,1,1,1,2,2,2,2,2,2,nan,8,nan,nan,nan,,2024-03-20,61.0
2024-01-19,2024,53,530010,M,6,4,9,1982,1,1,1,2,2,2,2,2,2,nan,10,2,nan,nan,,2024-02-20,32.0
2024-01-19,2024,53,530010,M,6,1,4,1946,1,1,1,2,2,2,2,1,2,nan,10,1,nan,nan,,2024-02-26,38.0
2024-01-19,2024,53,530010,M,6,4,nan,2015,1,1,1,1,2,2,2,2,2,nan,8,nan,nan,nan,,2024-03-20,61.0
2024-01-19,2024,53,530010,M,6,4,9,1974,1,1,1,2,2,1,1,2,2,nan,10,2,nan,nan,,2024-02-20,32.0
2024-01-19,2024,53,530010,F,5,4,9,1996,1,1,1,2,2,2,2,2,2,nan,8,nan,nan,nan,,2024-03-20,61.0
2024-01-19,2024,53,530010,F,5,4,nan,2012,1,1,1,2,2,2,2,2,2,nan,8,nan,nan,nan,,2024-03-20,61.0
2024-01-19,2024,53,530010,M,6,1,nan,1990,1,1,1,2,2,2,1,2,2,nan,10,2,nan,nan,,2024-02-20,32.0
2024-01-19,2024,53,530010,F,6,4,10,2023,1,2,2,2,2,2,2,2,2,2,10,1,3,1,,2024-01-29,10.0
2024-01-19,2024,53,530010,M,6,4,9,1978,1,1,2,2,2,2,2,2,2,2,10,1,nan,1,,2024-02-05,17.0
2024-01-19,2024,53,530010,F,6,4,1,2014,nan,nan,nan,nan,nan,nan,nan,nan,nan,nan,8,nan,nan,nan,,2024-03-20,61.0
2024-01-19,2024,53,530010,M,6,4,9,1980,1,1,1,2,2,1,2,2,2,2,10,1,3,1,,2024-01-19,0.0
2024-01-19,2024,53,530010,F,5,4,9,1963,1,1,2,2,2,2,2,2,2,2,10,1,3,9,,2024-01-19,0.0
2024-01-19,2024,53,530010,M,6,4,nan,1973,1,1,1,2,2,2,1,2,2,nan,10,2,1,nan,,2024-01-19,0.0
2024-01-19,2024,53,530010,M,6,4,6,1983,nan,nan,nan,nan,nan,nan,nan,nan,nan,nan,8,nan,nan,nan,,2024-03-20,61.0
2024-01-19,2024,53,530010,M,6,1,nan,1997,2,1,1,2,2,2,2,2,2,nan,10,1,nan,1,,2024-01-19,0.0
2024-01-19,2024,53,530010,F,5,4,9,1974,1,2,1,2,2,1,2,2,2,nan,10,2,nan,1,,2024-02-19,31.0
